city,time,temperature_2m_max (°F),temperature_2m_min (°F),weather_code (wmo code),temperature_2m_mean (°F),sunrise (iso8601),sunset (iso8601),rain_sum (inch),snowfall_sum (inch),wind_speed_10m_max (mp/h),sunshine_duration (s),visibility_mean (undefined),surface_pressure_mean (hPa),relative_humidity_2m_mean (%),cloud_cover_mean (%),precipitation_probability_mean (undefined)
Phoenix,2024-01-01,64.6,42.5,3,51.4,2024-01-01T14:32,2024-01-02T00:31,0.0,0.0,6.5,4893.26,,979.0,69,75,
Phoenix,2024-01-02,61.9,39.6,3,49.9,2024-01-02T14:32,2024-01-03T00:31,0.0,0.0,7.8,28800.0,,980.1,68,25,
Phoenix,2024-01-03,61.7,39.3,3,50.2,2024-01-03T14:32,2024-01-04T00:32,0.0,0.0,7.1,25772.05,,979.2,68,42,
Phoenix,2024-01-04,58.9,41.6,53,49.7,2024-01-04T14:32,2024-01-05T00:33,0.055,0.0,19.0,28800.0,,975.2,71,46,
Phoenix,2024-01-05,56.7,36.7,3,45.8,2024-01-05T14:32,2024-01-06T00:34,0.0,0.0,8.1,32400.0,,979.0,72,39,
Phoenix,2024-01-06,58.7,35.1,3,46.5,2024-01-06T14:32,2024-01-07T00:34,0.0,0.0,5.8,28797.65,,979.3,68,7,
Phoenix,2024-01-07,56.5,41.2,53,46.8,2024-01-07T14:32,2024-01-08T00:35,0.075,0.0,18.3,10800.0,,971.6,57,88,
Phoenix,2024-01-08,51.3,32.5,0,41.2,2024-01-08T14:32,2024-01-09T00:36,0.0,0.0,15.7,32397.5,,974.8,48,0,
Phoenix,2024-01-09,52.0,31.1,1,39.9,2024-01-09T14:32,2024-01-10T00:37,0.0,0.0,6.3,32400.0,,983.5,62,4,
Phoenix,2024-01-10,56.0,31.0,3,43.1,2024-01-10T14:32,2024-01-11T00:38,0.0,0.0,5.5,32438.43,,975.8,56,14,
Phoenix,2024-01-11,57.4,33.9,53,46.0,2024-01-11T14:32,2024-01-12T00:39,0.051,0.0,24.4,28056.67,,970.4,54,16,
Phoenix,2024-01-12,54.3,30.4,3,41.4,2024-01-12T14:32,2024-01-13T00:40,0.0,0.0,12.7,32499.18,,980.4,46,32,
Phoenix,2024-01-13,59.6,31.4,3,43.4,2024-01-13T14:32,2024-01-14T00:40,0.0,0.0,5.0,32498.61,,978.6,57,12,
Phoenix,2024-01-14,63.3,36.6,3,48.6,2024-01-14T14:32,2024-01-15T00:41,0.0,0.0,6.1,32497.16,,975.5,49,31,
Phoenix,2024-01-15,64.5,35.1,3,50.5,2024-01-15T14:32,2024-01-16T00:42,0.0,0.0,6.5,32573.25,,976.5,50,30,
Phoenix,2024-01-16,66.5,36.7,3,51.9,2024-01-16T14:31,2024-01-17T00:43,0.0,0.0,6.3,32491.58,,978.0,55,14,
Phoenix,2024-01-17,68.2,38.9,3,53.0,2024-01-17T14:31,2024-01-18T00:44,0.0,0.0,6.4,32744.4,,976.4,52,45,
Phoenix,2024-01-18,72.5,41.9,3,55.8,2024-01-18T14:31,2024-01-19T00:45,0.0,0.0,5.6,32400.0,,977.5,48,21,
Phoenix,2024-01-19,75.7,45.5,3,59.0,2024-01-19T14:30,2024-01-20T00:46,0.0,0.0,7.4,31786.19,,978.5,50,54,
Phoenix,2024-01-20,73.5,47.6,3,59.4,2024-01-20T14:30,2024-01-21T00:47,0.0,0.0,7.0,15415.21,,974.0,48,98,
Phoenix,2024-01-21,68.3,52.0,55,55.8,2024-01-21T14:30,2024-01-22T00:48,0.094,0.0,7.7,0.0,,972.8,62,100,
Phoenix,2024-01-22,62.7,45.5,55,52.0,2024-01-22T14:29,2024-01-23T00:49,0.087,0.0,7.5,16018.94,,974.1,90,86,
Phoenix,2024-01-23,61.0,52.0,63,54.8,2024-01-23T14:29,2024-01-24T00:50,1.315,0.0,17.6,5232.51,,970.7,87,100,
Phoenix,2024-01-24,61.8,48.0,61,52.0,2024-01-24T14:28,2024-01-25T00:51,0.118,0.0,5.5,25898.18,,976.8,91,91,
Phoenix,2024-01-25,63.1,44.9,3,53.3,2024-01-25T14:28,2024-01-26T00:52,0.0,0.0,8.1,18367.16,,978.8,85,69,
Phoenix,2024-01-26,64.8,42.9,51,52.8,2024-01-26T14:27,2024-01-27T00:53,0.004,0.0,8.7,32868.52,,979.8,81,21,
Phoenix,2024-01-27,69.3,42.8,0,53.7,2024-01-27T14:27,2024-01-28T00:54,0.0,0.0,7.8,33569.34,,984.4,65,0,
Phoenix,2024-01-28,73.2,47.0,3,57.9,2024-01-28T14:26,2024-01-29T00:55,0.0,0.0,15.9,33941.8,,982.4,52,66,
Phoenix,2024-01-29,75.3,47.5,3,58.8,2024-01-29T14:26,2024-01-30T00:56,0.0,0.0,8.7,32983.79,,981.3,57,91,
Phoenix,2024-01-30,75.4,46.4,3,58.6,2024-01-30T14:25,2024-01-31T00:57,0.0,0.0,6.9,34103.8,,978.6,64,16,
Phoenix,2024-01-31,76.3,48.3,3,60.3,2024-01-31T14:24,2024-02-01T00:58,0.0,0.0,8.2,34288.79,,977.8,64,7,
Phoenix,2024-02-01,76.5,52.6,3,63.4,2024-02-01T14:24,2024-02-02T00:59,0.0,0.0,17.3,32400.0,,972.5,62,57,
Phoenix,2024-02-02,72.3,50.2,63,56.9,2024-02-02T14:23,2024-02-03T01:00,0.862,0.0,18.7,31458.37,,969.4,70,69,
Phoenix,2024-02-03,61.0,40.9,53,50.5,2024-02-03T14:22,2024-02-04T01:00,0.035,0.0,14.5,33900.71,,973.8,72,11,
Phoenix,2024-02-04,65.4,40.9,3,51.8,2024-02-04T14:21,2024-02-05T01:01,0.0,0.0,8.0,30494.41,,977.6,68,29,
Phoenix,2024-02-05,73.8,44.0,3,55.2,2024-02-05T14:21,2024-02-06T01:02,0.0,0.0,10.0,31276.08,,976.0,60,62,
Phoenix,2024-02-06,69.8,54.6,63,58.9,2024-02-06T14:20,2024-02-07T01:03,0.228,0.0,17.7,0.0,,968.6,63,100,
Phoenix,2024-02-07,57.6,44.9,63,51.9,2024-02-07T14:19,2024-02-08T01:04,0.701,0.0,15.4,24385.78,,970.4,84,68,
Phoenix,2024-02-08,56.3,44.8,61,49.8,2024-02-08T14:18,2024-02-09T01:05,0.134,0.0,22.1,21341.99,,975.0,78,51,
Phoenix,2024-02-09,55.8,35.8,51,44.0,2024-02-09T14:17,2024-02-10T01:06,0.012,0.0,7.4,33835.12,,977.7,81,45,
Phoenix,2024-02-10,55.4,41.0,73,47.7,2024-02-10T14:16,2024-02-11T01:07,0.213,0.165,7.7,33129.57,,974.1,70,74,
Phoenix,2024-02-11,56.8,38.0,51,45.5,2024-02-11T14:15,2024-02-12T01:08,0.02,0.0,10.9,35378.64,,979.4,77,4,
Phoenix,2024-02-12,61.5,36.8,0,47.6,2024-02-12T14:15,2024-02-13T01:09,0.0,0.0,6.1,35443.81,,981.1,63,0,
Phoenix,2024-02-13,65.5,39.4,3,50.4,2024-02-13T14:14,2024-02-14T01:10,0.0,0.0,6.3,35699.25,,975.8,66,46,
Phoenix,2024-02-14,65.3,39.7,0,51.7,2024-02-14T14:13,2024-02-15T01:11,0.0,0.0,8.2,35767.7,,977.7,68,1,
Phoenix,2024-02-15,68.2,41.1,3,53.9,2024-02-15T14:12,2024-02-16T01:12,0.0,0.0,5.7,35936.49,,980.2,61,16,
Phoenix,2024-02-16,68.5,42.1,0,54.8,2024-02-16T14:11,2024-02-17T01:13,0.0,0.0,5.7,36109.52,,978.6,60,0,
Phoenix,2024-02-17,70.8,44.2,3,56.2,2024-02-17T14:10,2024-02-18T01:14,0.0,0.0,6.1,36178.61,,977.5,62,37,
Phoenix,2024-02-18,72.3,45.4,51,57.5,2024-02-18T14:08,2024-02-19T01:14,0.016,0.0,6.4,36245.81,,976.0,64,26,
Phoenix,2024-02-19,75.4,47.1,3,60.2,2024-02-19T14:07,2024-02-20T01:15,0.0,0.0,7.6,36651.64,,977.2,55,7,
Phoenix,2024-02-20,75.8,47.1,3,60.7,2024-02-20T14:06,2024-02-21T01:16,0.0,0.0,6.2,33678.98,,979.3,55,81,
Phoenix,2024-02-21,75.0,47.7,3,60.7,2024-02-21T14:05,2024-02-22T01:17,0.0,0.0,12.4,37148.77,,976.8,49,58,
Phoenix,2024-02-22,71.8,47.6,3,59.8,2024-02-22T14:04,2024-02-23T01:18,0.0,0.0,11.1,37102.21,,979.8,61,32,
Phoenix,2024-02-23,77.2,48.2,3,61.3,2024-02-23T14:03,2024-02-24T01:19,0.0,0.0,6.7,36181.68,,978.9,45,66,
Phoenix,2024-02-24,77.0,50.1,3,63.2,2024-02-24T14:02,2024-02-25T01:20,0.0,0.0,7.1,35697.27,,977.3,39,81,
Phoenix,2024-02-25,80.7,50.5,3,64.1,2024-02-25T14:01,2024-02-26T01:21,0.0,0.0,6.4,31670.29,,977.8,49,98,
Phoenix,2024-02-26,80.4,57.3,3,67.0,2024-02-26T14:00,2024-02-27T01:21,0.0,0.0,15.2,11265.54,,975.9,48,100,
Phoenix,2024-02-27,74.6,54.3,3,63.5,2024-02-27T13:58,2024-02-28T01:22,0.0,0.0,10.1,29577.3,,972.3,57,98,
Phoenix,2024-02-28,75.2,50.2,51,62.8,2024-02-28T13:57,2024-02-29T01:23,0.004,0.0,12.7,31839.02,,974.9,51,33,
Phoenix,2024-02-29,73.8,48.6,3,59.7,2024-02-29T13:56,2024-03-01T01:24,0.0,0.0,20.7,34733.37,,978.4,65,20,
Phoenix,2024-03-01,76.8,48.5,0,62.1,2024-03-01T13:55,2024-03-02T01:25,0.0,0.0,8.5,38409.57,,978.6,51,0,
Phoenix,2024-03-02,76.7,47.0,0,61.6,2024-03-02T13:54,2024-03-03T01:26,0.0,0.0,12.7,38486.42,,975.8,48,0,
Phoenix,2024-03-03,74.7,51.0,1,62.9,2024-03-03T13:52,2024-03-04T01:26,0.0,0.0,14.3,38563.81,,974.6,42,3,
Phoenix,2024-03-04,71.4,48.0,0,60.5,2024-03-04T13:51,2024-03-05T01:27,0.0,0.0,13.9,38641.64,,974.9,43,1,
Phoenix,2024-03-05,74.0,46.1,3,60.3,2024-03-05T13:50,2024-03-06T01:28,0.0,0.0,8.8,37608.23,,975.8,38,38,
Phoenix,2024-03-06,73.9,49.9,3,62.4,2024-03-06T13:48,2024-03-07T01:29,0.0,0.0,6.1,34512.75,,972.6,39,80,
Phoenix,2024-03-07,73.3,49.6,61,58.3,2024-03-07T13:47,2024-03-08T01:30,0.138,0.0,11.5,35440.33,,969.8,56,54,
Phoenix,2024-03-08,67.2,47.6,61,54.7,2024-03-08T13:46,2024-03-09T01:30,0.102,0.0,7.6,38955.35,,975.8,74,28,
Phoenix,2024-03-09,71.6,47.1,53,57.2,2024-03-09T13:45,2024-03-10T01:31,0.024,0.0,11.9,39033.88,,978.9,68,13,
Phoenix,2024-03-10,77.3,48.2,3,60.4,2024-03-10T13:43,2024-03-11T01:32,0.0,0.0,12.8,39112.26,,977.9,52,8,
Phoenix,2024-03-11,79.2,50.9,3,63.7,2024-03-11T13:42,2024-03-12T01:33,0.0,0.0,8.0,36000.0,,975.2,43,60,
Phoenix,2024-03-12,78.8,47.6,3,64.2,2024-03-12T13:41,2024-03-13T01:33,0.0,0.0,8.8,39268.14,,975.8,36,50,
Phoenix,2024-03-13,76.6,48.8,2,62.8,2024-03-13T13:39,2024-03-14T01:34,0.0,0.0,16.5,39345.73,,972.3,43,5,
Phoenix,2024-03-14,76.2,47.7,3,61.3,2024-03-14T13:38,2024-03-15T01:35,0.0,0.0,16.3,25903.82,,968.7,40,42,
Phoenix,2024-03-15,70.5,48.5,63,56.7,2024-03-15T13:37,2024-03-16T01:36,0.429,0.0,17.3,28403.23,,968.3,56,67,
Phoenix,2024-03-16,63.3,43.9,2,52.7,2024-03-16T13:36,2024-03-17T01:37,0.0,0.0,7.8,39583.05,,975.2,70,17,
Phoenix,2024-03-17,65.4,46.9,53,55.7,2024-03-17T13:34,2024-03-18T01:37,0.02,0.0,7.6,39600.0,,976.3,65,49,
Phoenix,2024-03-18,68.8,46.4,3,56.8,2024-03-18T13:33,2024-03-19T01:38,0.0,0.0,19.8,37214.76,,976.5,65,42,
Phoenix,2024-03-19,72.5,47.5,3,59.6,2024-03-19T13:32,2024-03-20T01:39,0.0,0.0,16.0,39600.0,,976.9,61,8,
Phoenix,2024-03-20,74.8,48.2,0,60.8,2024-03-20T13:30,2024-03-21T01:40,0.0,0.0,9.0,39600.0,,975.8,57,2,
Phoenix,2024-03-21,80.1,50.2,51,63.7,2024-03-21T13:29,2024-03-22T01:40,0.008,0.0,10.7,39600.0,,976.3,55,11,
Phoenix,2024-03-22,82.6,52.5,3,68.1,2024-03-22T13:27,2024-03-23T01:41,0.0,0.0,9.2,39747.38,,977.1,38,14,
Phoenix,2024-03-23,81.9,55.4,3,69.0,2024-03-23T13:26,2024-03-24T01:42,0.0,0.0,16.4,33538.72,,971.6,36,90,
Phoenix,2024-03-24,80.3,51.5,63,61.7,2024-03-24T13:25,2024-03-25T01:42,0.256,0.0,20.8,34103.8,,964.9,41,70,
Phoenix,2024-03-25,69.8,44.4,53,55.1,2024-03-25T13:23,2024-03-26T01:43,0.02,0.0,15.0,36000.0,,967.9,59,48,
Phoenix,2024-03-26,69.2,48.4,53,58.4,2024-03-26T13:22,2024-03-27T01:44,0.024,0.0,14.4,39826.66,,973.2,49,62,
Phoenix,2024-03-27,74.5,45.9,51,58.2,2024-03-27T13:21,2024-03-28T01:45,0.004,0.0,14.5,39604.21,,979.3,57,9,
Phoenix,2024-03-28,81.1,49.3,3,64.1,2024-03-28T13:19,2024-03-29T01:45,0.0,0.0,7.4,40014.32,,977.6,43,52,
Phoenix,2024-03-29,83.5,52.4,3,68.0,2024-03-29T13:18,2024-03-30T01:46,0.0,0.0,13.9,37131.77,,971.6,33,38,
Phoenix,2024-03-30,82.9,56.2,0,70.4,2024-03-30T13:17,2024-03-31T01:47,0.0,0.0,22.4,40445.93,,969.3,25,0,
Phoenix,2024-03-31,78.9,52.3,61,60.8,2024-03-31T13:15,2024-04-01T01:48,0.39,0.0,22.1,22185.26,,969.6,55,54,
Phoenix,2024-04-01,60.8,49.0,63,53.6,2024-04-01T13:14,2024-04-02T01:48,0.346,0.0,11.7,30359.56,,972.4,78,79,
Phoenix,2024-04-02,72.3,45.8,55,55.4,2024-04-02T13:13,2024-04-03T01:49,0.059,0.0,7.2,39818.65,,980.0,78,21,
Phoenix,2024-04-03,77.2,48.2,0,61.1,2024-04-03T13:11,2024-04-04T01:50,0.0,0.0,9.2,40858.96,,981.6,62,0,
Phoenix,2024-04-04,84.6,50.0,3,64.9,2024-04-04T13:10,2024-04-05T01:51,0.0,0.0,11.4,41297.31,,972.8,55,10,
Phoenix,2024-04-05,82.7,54.3,3,63.1,2024-04-05T13:09,2024-04-06T01:51,0.0,0.0,15.5,28134.05,,969.2,44,62,
Phoenix,2024-04-06,64.3,45.6,3,54.4,2024-04-06T13:08,2024-04-07T01:52,0.0,0.0,19.6,34905.02,,977.6,42,19,
Phoenix,2024-04-07,72.7,42.3,0,56.6,2024-04-07T13:06,2024-04-08T01:53,0.0,0.0,6.7,42028.48,,978.6,47,0,
Phoenix,2024-04-08,75.4,47.2,3,62.2,2024-04-08T13:05,2024-04-09T01:54,0.0,0.0,10.3,38565.11,,970.4,35,63,
Phoenix,2024-04-09,83.9,49.1,1,64.2,2024-04-09T13:04,2024-04-10T01:54,0.0,0.0,11.5,42198.77,,971.9,28,2,
Phoenix,2024-04-10,84.7,50.0,0,69.1,2024-04-10T13:02,2024-04-11T01:55,0.0,0.0,13.8,42830.39,,976.2,23,0,
Phoenix,2024-04-11,90.9,52.9,0,72.4,2024-04-11T13:01,2024-04-12T01:56,0.0,0.0,8.4,43110.1,,974.2,27,0,
Phoenix,2024-04-12,92.2,58.3,0,76.0,2024-04-12T13:00,2024-04-13T01:56,0.0,0.0,16.4,43446.8,,970.7,24,0,
Phoenix,2024-04-13,91.3,57.8,1,74.5,2024-04-13T12:59,2024-04-14T01:57,0.0,0.0,16.2,43533.34,,975.3,21,2,
Phoenix,2024-04-14,87.7,57.1,0,71.5,2024-04-14T12:57,2024-04-15T01:58,0.0,0.0,14.2,43744.86,,975.9,20,0,
Phoenix,2024-04-15,79.4,53.1,0,66.3,2024-04-15T12:56,2024-04-16T01:59,0.0,0.0,16.3,43958.08,,974.6,26,0,
Phoenix,2024-04-16,86.2,53.3,2,68.4,2024-04-16T12:55,2024-04-17T01:59,0.0,0.0,9.9,44088.49,,975.6,27,6,
Phoenix,2024-04-17,91.1,55.9,0,75.3,2024-04-17T12:54,2024-04-18T02:00,0.0,0.0,9.0,44201.12,,974.6,19,0,
Phoenix,2024-04-18,91.6,57.4,3,76.7,2024-04-18T12:53,2024-04-19T02:01,0.0,0.0,9.4,44312.66,,973.4,20,52,
Phoenix,2024-04-19,93.0,59.1,3,78.1,2024-04-19T12:51,2024-04-20T02:02,0.0,0.0,7.2,38597.37,,971.5,18,26,
Phoenix,2024-04-20,93.5,63.7,3,80.0,2024-04-20T12:50,2024-04-21T02:02,0.0,0.0,8.9,44532.09,,971.9,17,24,
Phoenix,2024-04-21,96.4,63.5,0,81.6,2024-04-21T12:49,2024-04-22T02:03,0.0,0.0,9.7,44639.81,,974.1,16,1,
Phoenix,2024-04-22,97.4,64.1,3,83.4,2024-04-22T12:48,2024-04-23T02:04,0.0,0.0,8.9,44746.25,,971.0,15,8,
Phoenix,2024-04-23,96.9,64.7,3,82.8,2024-04-23T12:47,2024-04-24T02:05,0.0,0.0,15.3,44852.18,,971.2,16,15,
Phoenix,2024-04-24,95.2,63.0,3,79.9,2024-04-24T12:46,2024-04-25T02:05,0.0,0.0,13.4,44957.66,,973.2,18,7,
Phoenix,2024-04-25,91.7,62.2,1,75.3,2024-04-25T12:45,2024-04-26T02:06,0.0,0.0,15.9,45062.64,,971.9,24,9,
Phoenix,2024-04-26,81.7,61.5,3,72.4,2024-04-26T12:44,2024-04-27T02:07,0.0,0.0,20.9,45167.02,,970.2,28,16,
Phoenix,2024-04-27,80.9,58.3,51,69.3,2024-04-27T12:43,2024-04-28T02:08,0.004,0.0,20.7,45270.73,,969.0,33,17,
Phoenix,2024-04-28,85.7,57.5,3,72.3,2024-04-28T12:42,2024-04-29T02:08,0.0,0.0,12.8,45373.68,,973.4,23,8,
Phoenix,2024-04-29,90.3,59.4,0,76.3,2024-04-29T12:41,2024-04-30T02:09,0.0,0.0,7.3,45475.79,,972.6,20,0,
Phoenix,2024-04-30,93.4,64.6,0,79.9,2024-04-30T12:40,2024-05-01T02:10,0.0,0.0,8.1,45576.98,,970.2,16,0,
Phoenix,2024-05-01,93.7,63.4,3,79.7,2024-05-01T12:39,2024-05-02T02:11,0.0,0.0,16.1,45677.17,,968.7,18,7,
Phoenix,2024-05-02,91.3,63.7,3,78.9,2024-05-02T12:38,2024-05-03T02:12,0.0,0.0,12.9,45776.26,,969.6,19,8,
Phoenix,2024-05-03,91.8,66.8,0,80.6,2024-05-03T12:37,2024-05-04T02:12,0.0,0.0,10.6,45874.18,,969.5,22,0,
Phoenix,2024-05-04,93.7,66.4,0,80.8,2024-05-04T12:36,2024-05-05T02:13,0.0,0.0,11.8,45970.82,,969.0,21,0,
Phoenix,2024-05-05,93.0,67.1,3,79.4,2024-05-05T12:35,2024-05-06T02:14,0.0,0.0,19.6,46066.11,,968.7,18,48,
Phoenix,2024-05-06,84.9,58.9,2,71.4,2024-05-06T12:34,2024-05-07T02:15,0.0,0.0,19.8,46151.84,,971.7,17,6,
Phoenix,2024-05-07,89.8,58.3,1,75.3,2024-05-07T12:33,2024-05-08T02:15,0.0,0.0,12.8,46194.04,,971.5,11,2,
Phoenix,2024-05-08,90.1,61.5,0,77.6,2024-05-08T12:32,2024-05-09T02:16,0.0,0.0,14.0,46236.0,,967.5,17,0,
Phoenix,2024-05-09,88.9,59.2,0,75.2,2024-05-09T12:31,2024-05-10T02:17,0.0,0.0,16.9,46277.71,,969.2,9,0,
Phoenix,2024-05-10,90.3,60.4,2,76.4,2024-05-10T12:30,2024-05-11T02:18,0.0,0.0,12.4,46319.12,,972.4,12,4,
Phoenix,2024-05-11,93.1,62.2,3,79.0,2024-05-11T12:30,2024-05-12T02:18,0.0,0.0,19.7,46360.21,,970.1,12,5,
Phoenix,2024-05-12,92.8,65.2,0,79.8,2024-05-12T12:29,2024-05-13T02:19,0.0,0.0,16.8,46400.95,,970.4,16,0,
Phoenix,2024-05-13,98.3,67.2,0,83.5,2024-05-13T12:28,2024-05-14T02:20,0.0,0.0,9.2,46441.61,,970.5,16,0,
Phoenix,2024-05-14,97.9,70.6,3,86.0,2024-05-14T12:27,2024-05-15T02:20,0.0,0.0,14.1,46482.38,,969.8,14,30,
Phoenix,2024-05-15,97.1,70.6,3,85.2,2024-05-15T12:27,2024-05-16T02:21,0.0,0.0,14.4,46523.22,,968.4,17,13,
Phoenix,2024-05-16,95.1,72.3,3,84.6,2024-05-16T12:26,2024-05-17T02:22,0.0,0.0,14.4,46564.04,,969.2,19,42,
Phoenix,2024-05-17,100.6,71.5,2,85.5,2024-05-17T12:25,2024-05-18T02:23,0.0,0.0,13.9,46176.74,,970.5,17,3,
Phoenix,2024-05-18,100.9,74.3,3,88.6,2024-05-18T12:25,2024-05-19T02:23,0.0,0.0,15.3,46645.41,,970.9,17,15,
Phoenix,2024-05-19,99.4,72.7,0,86.9,2024-05-19T12:24,2024-05-20T02:24,0.0,0.0,16.6,46685.82,,971.9,12,0,
Phoenix,2024-05-20,96.9,69.4,3,83.0,2024-05-20T12:24,2024-05-21T02:25,0.0,0.0,18.1,25653.66,,971.1,13,48,
Phoenix,2024-05-21,94.4,62.9,1,78.8,2024-05-21T12:23,2024-05-22T02:26,0.0,0.0,13.2,46765.81,,970.2,25,3,
Phoenix,2024-05-22,94.9,63.1,0,80.9,2024-05-22T12:23,2024-05-23T02:26,0.0,0.0,12.1,46800.0,,970.5,10,0,
Phoenix,2024-05-23,94.7,64.8,0,81.6,2024-05-23T12:22,2024-05-24T02:27,0.0,0.0,11.8,46800.0,,970.0,13,0,
Phoenix,2024-05-24,97.6,68.0,2,83.5,2024-05-24T12:22,2024-05-25T02:28,0.0,0.0,11.9,46800.0,,969.7,18,15,
Phoenix,2024-05-25,97.5,68.7,1,82.7,2024-05-25T12:21,2024-05-26T02:28,0.0,0.0,15.4,46800.0,,969.5,18,5,
Phoenix,2024-05-26,95.9,67.0,0,81.1,2024-05-26T12:21,2024-05-27T02:29,0.0,0.0,14.5,46800.0,,972.4,19,0,
Phoenix,2024-05-27,100.6,71.7,3,86.4,2024-05-27T12:20,2024-05-28T02:30,0.0,0.0,8.8,46800.0,,973.2,14,17,
Phoenix,2024-05-28,104.0,72.7,0,89.4,2024-05-28T12:20,2024-05-29T02:30,0.0,0.0,11.0,46800.0,,972.9,10,0,
Phoenix,2024-05-29,103.0,72.3,3,89.7,2024-05-29T12:19,2024-05-30T02:31,0.0,0.0,12.2,46800.0,,972.8,11,25,
Phoenix,2024-05-30,102.1,71.3,0,88.4,2024-05-30T12:19,2024-05-31T02:31,0.0,0.0,10.9,46800.0,,971.8,11,0,
Phoenix,2024-05-31,103.0,72.2,0,89.3,2024-05-31T12:19,2024-06-01T02:32,0.0,0.0,12.2,46800.0,,970.0,13,0,
Phoenix,2024-06-01,104.2,72.3,0,90.2,2024-06-01T12:19,2024-06-02T02:33,0.0,0.0,12.6,46815.94,,969.3,10,0,
Phoenix,2024-06-02,102.1,72.7,0,88.7,2024-06-02T12:18,2024-06-03T02:33,0.0,0.0,13.0,46814.59,,969.5,12,0,
Phoenix,2024-06-03,101.5,72.2,0,88.9,2024-06-03T12:18,2024-06-04T02:34,0.0,0.0,12.9,46800.0,,969.3,14,1,
Phoenix,2024-06-04,103.3,75.4,3,89.6,2024-06-04T12:18,2024-06-05T02:34,0.0,0.0,11.4,46800.0,,969.2,14,83,
Phoenix,2024-06-05,106.6,77.2,0,92.0,2024-06-05T12:18,2024-06-06T02:35,0.0,0.0,12.8,46800.0,,970.7,17,0,
Phoenix,2024-06-06,109.7,79.9,3,96.1,2024-06-06T12:18,2024-06-07T02:35,0.0,0.0,14.3,46800.0,,969.7,17,17,
Phoenix,2024-06-07,109.9,82.3,3,97.1,2024-06-07T12:18,2024-06-08T02:36,0.0,0.0,12.4,46800.0,,968.9,14,48,
Phoenix,2024-06-08,109.1,79.3,2,94.8,2024-06-08T12:17,2024-06-09T02:36,0.0,0.0,10.9,46800.0,,969.5,16,22,
Phoenix,2024-06-09,106.4,78.8,3,93.5,2024-06-09T12:17,2024-06-10T02:37,0.0,0.0,12.3,46800.0,,971.1,16,56,
Phoenix,2024-06-10,105.0,75.8,2,91.6,2024-06-10T12:17,2024-06-11T02:37,0.0,0.0,16.0,46809.84,,971.4,12,9,
Phoenix,2024-06-11,109.6,77.7,2,94.0,2024-06-11T12:17,2024-06-12T02:38,0.0,0.0,9.5,46800.0,,970.4,12,6,
Phoenix,2024-06-12,110.1,78.2,0,95.7,2024-06-12T12:17,2024-06-13T02:38,0.0,0.0,14.0,46810.3,,971.8,9,0,
Phoenix,2024-06-13,109.4,83.0,3,96.4,2024-06-13T12:17,2024-06-14T02:38,0.0,0.0,10.3,46800.0,,972.2,9,34,
Phoenix,2024-06-14,110.0,79.5,3,94.9,2024-06-14T12:17,2024-06-15T02:39,0.0,0.0,12.2,45786.95,,970.8,13,23,
Phoenix,2024-06-15,110.8,77.3,0,95.0,2024-06-15T12:18,2024-06-16T02:39,0.0,0.0,13.7,46812.05,,968.9,10,0,
Phoenix,2024-06-16,110.2,80.5,0,97.0,2024-06-16T12:18,2024-06-17T02:39,0.0,0.0,14.6,46812.88,,966.5,12,0,
Phoenix,2024-06-17,108.3,78.1,0,93.6,2024-06-17T12:18,2024-06-18T02:40,0.0,0.0,18.9,46813.82,,963.6,15,0,
Phoenix,2024-06-18,103.4,75.0,0,90.7,2024-06-18T12:18,2024-06-19T02:40,0.0,0.0,13.6,46800.0,,964.5,17,0,
Phoenix,2024-06-19,102.4,78.1,0,91.9,2024-06-19T12:18,2024-06-20T02:40,0.0,0.0,11.9,46800.0,,967.6,19,0,
Phoenix,2024-06-20,111.0,79.7,0,95.3,2024-06-20T12:18,2024-06-21T02:40,0.0,0.0,11.1,46800.0,,967.0,15,0,
Phoenix,2024-06-21,114.5,89.4,1,101.5,2024-06-21T12:19,2024-06-22T02:41,0.0,0.0,17.2,46800.0,,965.7,21,4,
Phoenix,2024-06-22,113.0,88.5,3,96.5,2024-06-22T12:19,2024-06-23T02:41,0.0,0.0,15.5,24299.22,,970.8,32,90,
Phoenix,2024-06-23,103.3,85.8,3,94.6,2024-06-23T12:19,2024-06-24T02:41,0.0,0.0,13.8,33438.43,,972.7,39,76,
Phoenix,2024-06-24,107.8,85.8,2,97.4,2024-06-24T12:19,2024-06-25T02:41,0.0,0.0,14.3,45093.2,,971.8,33,30,
Phoenix,2024-06-25,104.2,85.1,51,95.8,2024-06-25T12:20,2024-06-26T02:41,0.004,0.0,13.3,30202.2,,971.6,35,49,
Phoenix,2024-06-26,108.0,85.0,51,96.2,2024-06-26T12:20,2024-06-27T02:41,0.004,0.0,11.2,46800.0,,972.0,38,42,
Phoenix,2024-06-27,110.2,88.9,3,100.2,2024-06-27T12:20,2024-06-28T02:41,0.0,0.0,14.8,46800.0,,969.7,25,22,
Phoenix,2024-06-28,110.0,88.3,1,99.8,2024-06-28T12:21,2024-06-29T02:41,0.0,0.0,14.1,46800.0,,967.8,24,4,
Phoenix,2024-06-29,109.5,88.0,3,99.1,2024-06-29T12:21,2024-06-30T02:41,0.0,0.0,15.1,46800.0,,970.3,26,46,
Phoenix,2024-06-30,109.4,87.5,2,99.9,2024-06-30T12:22,2024-07-01T02:41,0.0,0.0,11.6,46800.0,,971.8,26,19,
Phoenix,2024-07-01,109.6,83.9,3,96.6,2024-07-01T12:22,2024-07-02T02:41,0.0,0.0,14.2,43200.0,,972.4,35,50,
Phoenix,2024-07-02,112.3,85.4,51,96.3,2024-07-02T12:22,2024-07-03T02:41,0.008,0.0,13.2,39812.92,,969.6,37,13,
Phoenix,2024-07-03,111.3,84.6,1,99.7,2024-07-03T12:23,2024-07-04T02:41,0.0,0.0,12.0,46800.0,,970.3,23,6,
Phoenix,2024-07-04,111.5,87.3,0,99.7,2024-07-04T12:23,2024-07-05T02:41,0.0,0.0,18.7,46800.0,,972.5,27,1,
Phoenix,2024-07-05,115.7,85.7,0,101.6,2024-07-05T12:24,2024-07-06T02:41,0.0,0.0,17.6,46800.0,,970.0,22,3,
Phoenix,2024-07-06,116.4,85.1,0,101.0,2024-07-06T12:24,2024-07-07T02:41,0.0,0.0,13.9,46813.87,,969.9,17,0,
Phoenix,2024-07-07,111.9,86.3,1,100.2,2024-07-07T12:25,2024-07-08T02:41,0.0,0.0,14.4,46800.0,,970.7,23,4,
Phoenix,2024-07-08,115.5,86.1,2,101.6,2024-07-08T12:25,2024-07-09T02:40,0.0,0.0,13.7,46800.0,,967.9,20,10,
Phoenix,2024-07-09,115.3,85.8,1,101.9,2024-07-09T12:26,2024-07-10T02:40,0.0,0.0,13.7,46800.0,,968.3,17,7,
Phoenix,2024-07-10,114.1,87.9,1,102.2,2024-07-10T12:26,2024-07-11T02:40,0.0,0.0,13.2,46800.0,,970.7,19,8,
Phoenix,2024-07-11,113.5,86.1,3,101.4,2024-07-11T12:27,2024-07-12T02:39,0.0,0.0,15.5,45513.87,,971.2,21,27,
Phoenix,2024-07-12,112.5,87.1,3,100.9,2024-07-12T12:28,2024-07-13T02:39,0.0,0.0,18.1,46800.0,,971.5,20,11,
Phoenix,2024-07-13,112.9,88.8,2,101.8,2024-07-13T12:28,2024-07-14T02:39,0.0,0.0,15.4,46800.0,,972.8,20,18,
Phoenix,2024-07-14,109.0,86.6,51,97.4,2024-07-14T12:29,2024-07-15T02:38,0.004,0.0,17.4,46800.0,,975.8,31,23,
Phoenix,2024-07-15,105.7,84.7,3,95.8,2024-07-15T12:29,2024-07-16T02:38,0.0,0.0,16.9,45412.17,,975.5,33,35,
Phoenix,2024-07-16,106.6,87.4,2,97.7,2024-07-16T12:30,2024-07-17T02:37,0.0,0.0,16.1,46800.0,,973.0,27,14,
Phoenix,2024-07-17,109.0,87.3,1,98.0,2024-07-17T12:31,2024-07-18T02:37,0.0,0.0,15.4,46800.0,,972.4,25,13,
Phoenix,2024-07-18,109.1,89.6,3,99.4,2024-07-18T12:31,2024-07-19T02:36,0.0,0.0,13.3,46800.0,,973.4,24,40,
Phoenix,2024-07-19,110.8,89.2,3,100.7,2024-07-19T12:32,2024-07-20T02:36,0.0,0.0,12.4,46800.0,,973.9,23,31,
Phoenix,2024-07-20,110.7,91.3,51,100.5,2024-07-20T12:33,2024-07-21T02:35,0.016,0.0,10.5,45961.73,,972.9,25,45,
Phoenix,2024-07-21,110.5,88.4,53,98.9,2024-07-21T12:33,2024-07-22T02:35,0.035,0.0,19.3,46800.0,,972.9,31,41,
Phoenix,2024-07-22,109.3,83.3,51,93.8,2024-07-22T12:34,2024-07-23T02:34,0.016,0.0,21.8,39766.68,,972.4,38,32,
Phoenix,2024-07-23,110.2,89.8,3,101.2,2024-07-23T12:35,2024-07-24T02:34,0.0,0.0,13.1,46740.09,,971.7,24,23,
Phoenix,2024-07-24,110.5,90.7,53,101.0,2024-07-24T12:35,2024-07-25T02:33,0.024,0.0,14.6,46701.98,,975.2,26,41,
Phoenix,2024-07-25,110.4,90.8,63,98.9,2024-07-25T12:36,2024-07-26T02:32,0.102,0.0,13.8,45517.34,,976.4,31,42,
Phoenix,2024-07-26,107.6,83.5,3,96.6,2024-07-26T12:37,2024-07-27T02:32,0.0,0.0,14.9,39425.36,,973.7,36,33,
Phoenix,2024-07-27,109.1,86.0,1,98.0,2024-07-27T12:37,2024-07-28T02:31,0.0,0.0,14.3,46586.97,,970.3,33,10,
Phoenix,2024-07-28,108.0,86.4,2,98.6,2024-07-28T12:38,2024-07-29T02:30,0.0,0.0,13.5,46548.6,,970.7,27,13,
Phoenix,2024-07-29,108.0,85.3,51,96.4,2024-07-29T12:39,2024-07-30T02:29,0.008,0.0,14.4,42750.86,,973.0,32,79,
Phoenix,2024-07-30,107.6,86.1,3,98.3,2024-07-30T12:39,2024-07-31T02:29,0.0,0.0,17.1,42969.85,,972.4,25,82,
Phoenix,2024-07-31,109.7,83.9,3,97.1,2024-07-31T12:40,2024-08-01T02:28,0.0,0.0,18.9,46434.12,,972.1,31,9,
Phoenix,2024-08-01,105.3,85.5,3,93.5,2024-08-01T12:41,2024-08-02T02:27,0.0,0.0,17.5,37796.27,,975.8,37,80,
Phoenix,2024-08-02,106.9,83.5,61,96.4,2024-08-02T12:42,2024-08-03T02:26,0.079,0.0,11.5,39383.47,,977.2,34,60,
Phoenix,2024-08-03,111.2,89.1,2,101.0,2024-08-03T12:42,2024-08-04T02:25,0.0,0.0,9.0,46318.52,,974.1,23,13,
Phoenix,2024-08-04,114.2,89.8,3,103.1,2024-08-04T12:43,2024-08-05T02:24,0.0,0.0,10.3,46279.55,,971.4,22,37,
Phoenix,2024-08-05,113.5,90.6,3,101.2,2024-08-05T12:44,2024-08-06T02:23,0.0,0.0,11.8,43151.38,,972.6,25,77,
Phoenix,2024-08-06,108.4,90.1,3,100.6,2024-08-06T12:44,2024-08-07T02:22,0.0,0.0,17.7,46099.49,,973.4,27,54,
Phoenix,2024-08-07,107.0,81.9,3,94.3,2024-08-07T12:45,2024-08-08T02:21,0.0,0.0,17.8,46005.77,,976.3,40,19,
Phoenix,2024-08-08,102.1,86.2,3,94.7,2024-08-08T12:46,2024-08-09T02:20,0.0,0.0,11.2,45545.6,,973.2,37,57,
Phoenix,2024-08-09,105.5,81.4,51,91.8,2024-08-09T12:46,2024-08-10T02:19,0.004,0.0,8.6,40348.06,,972.3,47,56,
Phoenix,2024-08-10,108.9,88.0,3,98.4,2024-08-10T12:47,2024-08-11T02:18,0.0,0.0,15.1,44798.75,,972.1,30,26,
Phoenix,2024-08-11,103.6,79.3,53,91.6,2024-08-11T12:48,2024-08-12T02:17,0.035,0.0,19.3,43977.86,,975.6,42,34,
Phoenix,2024-08-12,106.0,85.6,2,94.9,2024-08-12T12:49,2024-08-13T02:16,0.0,0.0,11.7,45518.68,,974.2,32,10,
Phoenix,2024-08-13,105.1,78.1,3,94.6,2024-08-13T12:49,2024-08-14T02:15,0.0,0.0,18.8,43265.47,,973.0,32,28,
Phoenix,2024-08-14,107.9,88.4,2,98.1,2024-08-14T12:50,2024-08-15T02:14,0.0,0.0,10.3,44501.94,,973.6,26,23,
Phoenix,2024-08-15,110.3,86.2,0,98.4,2024-08-15T12:51,2024-08-16T02:13,0.0,0.0,12.3,45214.73,,972.7,23,0,
Phoenix,2024-08-16,110.1,89.6,3,99.8,2024-08-16T12:51,2024-08-17T02:12,0.0,0.0,14.4,45111.96,,972.4,22,14,
Phoenix,2024-08-17,110.0,89.7,3,100.1,2024-08-17T12:52,2024-08-18T02:11,0.0,0.0,15.5,44761.21,,972.3,25,23,
Phoenix,2024-08-18,105.4,77.3,61,91.9,2024-08-18T12:53,2024-08-19T02:10,0.126,0.0,15.2,19094.22,,973.7,41,59,
Phoenix,2024-08-19,109.3,83.5,3,96.2,2024-08-19T12:53,2024-08-20T02:09,0.0,0.0,11.6,42567.19,,974.1,31,23,
Phoenix,2024-08-20,110.3,87.6,1,100.3,2024-08-20T12:54,2024-08-21T02:07,0.0,0.0,9.7,44675.21,,973.5,23,6,
Phoenix,2024-08-21,109.6,87.3,3,96.7,2024-08-21T12:55,2024-08-22T02:06,0.0,0.0,16.3,43621.11,,974.9,31,35,
Phoenix,2024-08-22,104.3,85.0,51,93.6,2024-08-22T12:56,2024-08-23T02:05,0.012,0.0,14.7,40995.26,,974.2,37,44,
Phoenix,2024-08-23,103.1,82.7,63,91.7,2024-08-23T12:56,2024-08-24T02:04,0.213,0.0,14.2,33807.48,,972.9,43,35,
Phoenix,2024-08-24,104.2,79.9,2,91.0,2024-08-24T12:57,2024-08-25T02:03,0.0,0.0,16.2,44265.28,,974.6,32,9,
Phoenix,2024-08-25,105.7,81.7,2,93.9,2024-08-25T12:58,2024-08-26T02:01,0.0,0.0,17.3,44099.47,,975.0,21,10,
Phoenix,2024-08-26,106.5,79.3,0,94.2,2024-08-26T12:58,2024-08-27T02:00,0.0,0.0,10.7,44043.24,,975.7,15,0,
Phoenix,2024-08-27,106.6,80.8,1,95.7,2024-08-27T12:59,2024-08-28T01:59,0.0,0.0,10.2,43298.75,,974.5,17,5,
Phoenix,2024-08-28,106.6,86.9,3,96.8,2024-08-28T13:00,2024-08-29T01:58,0.0,0.0,12.9,41644.41,,973.8,21,66,
Phoenix,2024-08-29,105.1,80.1,2,92.8,2024-08-29T13:00,2024-08-30T01:56,0.0,0.0,11.8,42142.26,,974.2,28,16,
Phoenix,2024-08-30,107.4,82.1,1,95.1,2024-08-30T13:01,2024-08-31T01:55,0.0,0.0,9.6,42753.04,,974.8,20,13,
Phoenix,2024-08-31,106.6,83.4,3,95.9,2024-08-31T13:02,2024-09-01T01:54,0.0,0.0,24.1,41877.46,,974.8,21,20,
Phoenix,2024-09-01,107.3,81.1,1,94.1,2024-09-01T13:02,2024-09-02T01:52,0.0,0.0,18.2,42234.34,,973.5,26,13,
Phoenix,2024-09-02,105.6,84.2,1,95.9,2024-09-02T13:03,2024-09-03T01:51,0.0,0.0,14.8,42558.68,,973.9,21,1,
Phoenix,2024-09-03,105.3,85.0,0,95.2,2024-09-03T13:04,2024-09-04T01:50,0.0,0.0,13.6,42406.19,,973.9,24,0,
Phoenix,2024-09-04,108.5,83.5,0,96.5,2024-09-04T13:04,2024-09-05T01:48,0.0,0.0,10.2,42280.23,,973.5,21,1,
Phoenix,2024-09-05,112.4,84.1,0,98.8,2024-09-05T13:05,2024-09-06T01:47,0.0,0.0,10.1,42027.76,,973.4,16,1,
Phoenix,2024-09-06,111.7,89.5,1,99.9,2024-09-06T13:06,2024-09-07T01:46,0.0,0.0,16.5,41546.79,,973.8,16,3,
Phoenix,2024-09-07,108.2,87.8,2,98.4,2024-09-07T13:06,2024-09-08T01:44,0.0,0.0,15.6,41099.16,,974.0,20,15,
Phoenix,2024-09-08,106.5,84.9,3,95.5,2024-09-08T13:07,2024-09-09T01:43,0.0,0.0,21.2,40926.44,,972.3,24,17,
Phoenix,2024-09-09,106.8,81.3,0,95.4,2024-09-09T13:08,2024-09-10T01:42,0.0,0.0,12.4,41322.81,,972.5,14,0,
Phoenix,2024-09-10,108.6,77.5,0,94.0,2024-09-10T13:08,2024-09-11T01:40,0.0,0.0,7.8,41108.21,,970.9,12,0,
Phoenix,2024-09-11,108.3,75.3,0,94.1,2024-09-11T13:09,2024-09-12T01:39,0.0,0.0,16.6,41013.26,,967.3,13,0,
Phoenix,2024-09-12,106.5,78.6,0,93.8,2024-09-12T13:10,2024-09-13T01:38,0.0,0.0,16.1,40925.11,,964.9,17,0,
Phoenix,2024-09-13,104.2,74.1,0,89.8,2024-09-13T13:10,2024-09-14T01:36,0.0,0.0,14.2,40914.74,,967.6,16,0,
Phoenix,2024-09-14,103.1,82.2,1,91.2,2024-09-14T13:11,2024-09-15T01:35,0.0,0.0,13.2,40140.77,,971.5,28,10,
Phoenix,2024-09-15,101.9,80.8,1,91.4,2024-09-15T13:12,2024-09-16T01:33,0.0,0.0,14.4,40327.03,,970.3,35,9,
Phoenix,2024-09-16,102.9,75.9,3,89.6,2024-09-16T13:12,2024-09-17T01:32,0.0,0.0,17.9,40220.11,,969.1,37,12,
Phoenix,2024-09-17,97.4,73.5,1,84.0,2024-09-17T13:13,2024-09-18T01:31,0.0,0.0,18.0,40315.93,,970.5,26,2,
Phoenix,2024-09-18,93.6,67.3,0,80.8,2024-09-18T13:14,2024-09-19T01:29,0.0,0.0,9.3,40309.57,,970.9,22,0,
Phoenix,2024-09-19,94.8,71.4,2,82.9,2024-09-19T13:14,2024-09-20T01:28,0.0,0.0,10.7,40014.6,,970.8,27,10,
Phoenix,2024-09-20,94.9,74.1,1,84.4,2024-09-20T13:15,2024-09-21T01:26,0.0,0.0,12.9,40012.96,,969.6,36,7,
Phoenix,2024-09-21,93.6,67.6,3,79.4,2024-09-21T13:16,2024-09-22T01:25,0.0,0.0,15.4,39918.84,,970.4,37,15,
Phoenix,2024-09-22,96.1,67.8,0,81.5,2024-09-22T13:16,2024-09-23T01:24,0.0,0.0,7.0,40008.23,,972.4,31,0,
Phoenix,2024-09-23,101.2,72.9,1,87.4,2024-09-23T13:17,2024-09-24T01:22,0.0,0.0,8.5,39997.09,,970.5,23,4,
Phoenix,2024-09-24,104.2,74.7,0,89.8,2024-09-24T13:18,2024-09-25T01:21,0.0,0.0,8.5,39824.38,,969.2,16,0,
Phoenix,2024-09-25,108.8,77.2,3,93.1,2024-09-25T13:18,2024-09-26T01:20,0.0,0.0,10.8,39739.29,,968.6,14,9,
Phoenix,2024-09-26,107.1,78.5,0,93.7,2024-09-26T13:19,2024-09-27T01:18,0.0,0.0,10.3,39573.18,,968.2,16,2,
Phoenix,2024-09-27,110.0,77.7,0,94.4,2024-09-27T13:20,2024-09-28T01:17,0.0,0.0,8.8,39411.93,,968.4,15,0,
Phoenix,2024-09-28,114.0,83.2,0,98.4,2024-09-28T13:20,2024-09-29T01:15,0.0,0.0,14.0,39331.83,,968.4,15,1,
Phoenix,2024-09-29,112.6,84.3,2,98.1,2024-09-29T13:21,2024-09-30T01:14,0.0,0.0,16.4,39252.0,,970.3,12,7,
Phoenix,2024-09-30,109.1,78.4,2,93.6,2024-09-30T13:22,2024-10-01T01:13,0.0,0.0,11.3,39019.53,,971.3,14,15,
Phoenix,2024-10-01,110.3,78.6,1,94.5,2024-10-01T13:23,2024-10-02T01:12,0.0,0.0,12.3,38954.7,,972.6,20,8,
Phoenix,2024-10-02,108.9,83.2,2,96.1,2024-10-02T13:23,2024-10-03T01:10,0.0,0.0,17.8,38857.98,,972.9,12,9,
Phoenix,2024-10-03,106.8,74.5,0,91.3,2024-10-03T13:24,2024-10-04T01:09,0.0,0.0,7.2,38801.21,,969.5,15,0,
Phoenix,2024-10-04,107.3,75.4,0,92.8,2024-10-04T13:25,2024-10-05T01:08,0.0,0.0,10.1,38695.6,,971.6,14,0,
Phoenix,2024-10-05,106.8,76.4,0,92.3,2024-10-05T13:25,2024-10-06T01:06,0.0,0.0,9.6,38614.34,,973.9,14,0,
Phoenix,2024-10-06,107.0,76.3,0,92.5,2024-10-06T13:26,2024-10-07T01:05,0.0,0.0,8.4,38533.17,,973.6,13,0,
Phoenix,2024-10-07,107.0,76.9,0,92.1,2024-10-07T13:27,2024-10-08T01:04,0.0,0.0,13.1,38452.18,,972.4,12,0,
Phoenix,2024-10-08,106.1,74.0,3,90.8,2024-10-08T13:28,2024-10-09T01:02,0.0,0.0,10.2,38371.48,,970.6,12,23,
Phoenix,2024-10-09,104.1,73.8,3,89.0,2024-10-09T13:28,2024-10-10T01:01,0.0,0.0,10.8,33541.56,,972.4,16,48,
Phoenix,2024-10-10,103.3,74.2,1,90.1,2024-10-10T13:29,2024-10-11T01:00,0.0,0.0,6.6,38211.32,,974.4,14,5,
Phoenix,2024-10-11,102.0,71.6,0,88.1,2024-10-11T13:30,2024-10-12T00:58,0.0,0.0,7.5,38132.07,,975.5,17,0,
Phoenix,2024-10-12,102.2,70.0,2,87.5,2024-10-12T13:31,2024-10-13T00:57,0.0,0.0,10.0,38053.49,,975.9,16,10,
Phoenix,2024-10-13,101.2,70.3,2,87.5,2024-10-13T13:31,2024-10-14T00:56,0.0,0.0,10.4,37975.7,,974.4,16,13,
Phoenix,2024-10-14,99.5,69.9,0,86.0,2024-10-14T13:32,2024-10-15T00:55,0.0,0.0,9.3,37898.8,,974.9,16,0,
Phoenix,2024-10-15,99.0,68.9,0,83.3,2024-10-15T13:33,2024-10-16T00:53,0.0,0.0,14.6,37822.91,,974.8,19,0,
Phoenix,2024-10-16,95.5,65.8,3,80.7,2024-10-16T13:34,2024-10-17T00:52,0.0,0.0,13.7,37748.09,,973.8,19,6,
Phoenix,2024-10-17,93.3,68.0,3,79.4,2024-10-17T13:34,2024-10-18T00:51,0.0,0.0,13.6,37347.62,,969.9,32,23,
Phoenix,2024-10-18,87.9,63.7,53,74.1,2024-10-18T13:35,2024-10-19T00:50,0.035,0.0,23.5,28808.87,,967.8,37,33,
Phoenix,2024-10-19,70.7,54.7,51,62.6,2024-10-19T13:36,2024-10-20T00:49,0.024,0.0,18.1,33487.97,,975.9,39,26,
Phoenix,2024-10-20,79.2,52.8,0,64.1,2024-10-20T13:37,2024-10-21T00:48,0.0,0.0,6.3,36637.24,,980.1,51,2,
Phoenix,2024-10-21,86.2,55.3,0,70.6,2024-10-21T13:38,2024-10-22T00:47,0.0,0.0,6.7,36678.49,,979.6,35,1,
Phoenix,2024-10-22,92.4,56.7,3,74.0,2024-10-22T13:39,2024-10-23T00:45,0.0,0.0,5.6,36512.0,,977.3,30,41,
Phoenix,2024-10-23,95.2,60.1,0,77.7,2024-10-23T13:39,2024-10-24T00:44,0.0,0.0,7.3,36349.89,,976.7,24,0,
Phoenix,2024-10-24,93.7,59.8,2,78.7,2024-10-24T13:40,2024-10-25T00:43,0.0,0.0,8.6,36192.55,,974.5,20,5,
Phoenix,2024-10-25,94.9,58.2,3,78.1,2024-10-25T13:41,2024-10-26T00:42,0.0,0.0,6.5,35951.27,,974.7,19,18,
Phoenix,2024-10-26,97.4,59.9,1,78.5,2024-10-26T13:42,2024-10-27T00:41,0.0,0.0,5.7,35978.5,,977.3,19,6,
Phoenix,2024-10-27,96.1,63.0,3,79.3,2024-10-27T13:43,2024-10-28T00:40,0.0,0.0,6.6,35833.4,,976.6,17,55,
Phoenix,2024-10-28,91.6,57.6,3,75.7,2024-10-28T13:44,2024-10-29T00:39,0.0,0.0,18.7,35461.65,,972.3,22,35,
Phoenix,2024-10-29,87.4,59.2,61,69.8,2024-10-29T13:44,2024-10-30T00:38,0.228,0.0,14.7,35400.73,,969.4,42,27,
Phoenix,2024-10-30,73.1,51.2,3,62.7,2024-10-30T13:45,2024-10-31T00:37,0.0,0.0,12.2,35504.02,,975.9,32,13,
Phoenix,2024-10-31,77.7,48.3,3,63.4,2024-10-31T13:46,2024-11-01T00:36,0.0,0.0,7.4,34289.07,,977.7,25,12,
Phoenix,2024-11-01,80.2,48.5,3,65.4,2024-11-01T13:47,2024-11-02T00:35,0.0,0.0,6.8,32638.07,,974.1,20,46,
Phoenix,2024-11-02,78.1,48.7,3,64.7,2024-11-02T13:48,2024-11-03T00:34,0.0,0.0,12.2,35175.75,,971.8,21,41,
Phoenix,2024-11-03,74.5,53.8,61,62.5,2024-11-03T13:49,2024-11-04T00:33,0.083,0.0,13.4,31518.93,,968.7,60,37,
Phoenix,2024-11-04,69.8,48.7,3,58.0,2024-11-04T13:50,2024-11-05T00:33,0.0,0.0,11.6,35061.96,,971.8,50,6,
Phoenix,2024-11-05,71.3,45.6,0,58.6,2024-11-05T13:51,2024-11-06T00:32,0.0,0.0,6.6,35004.88,,976.2,36,1,
Phoenix,2024-11-06,70.5,47.7,3,59.4,2024-11-06T13:52,2024-11-07T00:31,0.0,0.0,16.3,31331.46,,971.3,32,39,
Phoenix,2024-11-07,68.2,45.8,3,55.7,2024-11-07T13:52,2024-11-08T00:30,0.0,0.0,18.2,34890.55,,977.9,24,8,
Phoenix,2024-11-08,67.3,41.9,1,54.4,2024-11-08T13:53,2024-11-09T00:29,0.0,0.0,7.8,34833.25,,981.0,34,2,
Phoenix,2024-11-09,73.0,43.0,0,57.8,2024-11-09T13:54,2024-11-10T00:29,0.0,0.0,4.6,34775.36,,977.3,30,0,
Phoenix,2024-11-10,80.7,46.1,3,62.5,2024-11-10T13:55,2024-11-11T00:28,0.0,0.0,6.1,34716.9,,976.1,27,7,
Phoenix,2024-11-11,80.4,48.5,0,64.8,2024-11-11T13:56,2024-11-12T00:27,0.0,0.0,6.3,34657.95,,976.3,25,0,
Phoenix,2024-11-12,78.1,49.0,0,63.0,2024-11-12T13:57,2024-11-13T00:27,0.0,0.0,6.0,34598.59,,974.2,26,0,
Phoenix,2024-11-13,75.9,47.0,0,61.0,2024-11-13T13:58,2024-11-14T00:26,0.0,0.0,5.0,34538.93,,978.5,26,1,
Phoenix,2024-11-14,79.4,47.0,0,62.3,2024-11-14T13:59,2024-11-15T00:26,0.0,0.0,3.9,34479.02,,975.9,27,0,
Phoenix,2024-11-15,73.6,47.2,3,61.2,2024-11-15T14:00,2024-11-16T00:25,0.0,0.0,6.4,34402.84,,969.8,24,10,
Phoenix,2024-11-16,66.6,48.1,3,57.0,2024-11-16T14:01,2024-11-17T00:24,0.0,0.0,7.2,30247.37,,970.9,39,24,
Phoenix,2024-11-17,68.3,45.2,3,55.8,2024-11-17T14:02,2024-11-18T00:24,0.0,0.0,7.0,29775.68,,970.8,35,23,
Phoenix,2024-11-18,66.6,45.0,0,56.7,2024-11-18T14:03,2024-11-19T00:23,0.0,0.0,9.4,34113.18,,973.3,29,0,
Phoenix,2024-11-19,68.4,45.2,3,56.5,2024-11-19T14:04,2024-11-20T00:23,0.0,0.0,4.0,34020.12,,975.7,29,19,
Phoenix,2024-11-20,74.7,45.1,3,58.5,2024-11-20T14:05,2024-11-21T00:22,0.0,0.0,3.6,33929.05,,981.4,26,10,
Phoenix,2024-11-21,75.6,44.8,3,60.1,2024-11-21T14:05,2024-11-22T00:22,0.0,0.0,5.0,32892.59,,981.4,20,27,
Phoenix,2024-11-22,78.7,46.1,0,61.1,2024-11-22T14:06,2024-11-23T00:22,0.0,0.0,4.4,33753.45,,978.2,18,0,
Phoenix,2024-11-23,76.7,46.2,1,62.1,2024-11-23T14:07,2024-11-24T00:21,0.0,0.0,3.9,33624.05,,974.7,26,2,
Phoenix,2024-11-24,73.4,47.1,3,60.5,2024-11-24T14:08,2024-11-25T00:21,0.0,0.0,3.4,33242.4,,974.2,23,52,
Phoenix,2024-11-25,74.6,52.1,3,63.3,2024-11-25T14:09,2024-11-26T00:21,0.0,0.0,3.0,32228.58,,979.2,37,96,
Phoenix,2024-11-26,77.2,52.2,3,64.3,2024-11-26T14:10,2024-11-27T00:20,0.0,0.0,3.7,31728.55,,979.7,31,40,
Phoenix,2024-11-27,73.9,58.6,3,66.0,2024-11-27T14:11,2024-11-28T00:20,0.0,0.0,3.4,18983.09,,975.7,38,98,
Phoenix,2024-11-28,72.2,53.2,3,63.4,2024-11-28T14:12,2024-11-29T00:20,0.0,0.0,4.1,30871.11,,976.2,46,9,
Phoenix,2024-11-29,73.5,49.1,3,60.6,2024-11-29T14:12,2024-11-30T00:20,0.0,0.0,3.5,29022.01,,978.2,43,75,
Phoenix,2024-11-30,76.1,51.6,3,63.5,2024-11-30T14:13,2024-12-01T00:20,0.0,0.0,3.8,29347.66,,978.6,34,42,
Phoenix,2024-12-01,75.2,48.4,3,61.5,2024-12-01T14:14,2024-12-02T00:20,0.0,0.0,3.7,32252.28,,979.0,33,46,
Phoenix,2024-12-02,78.0,48.4,3,62.3,2024-12-02T14:15,2024-12-03T00:20,0.0,0.0,3.7,32418.2,,979.1,27,12,
Phoenix,2024-12-03,78.6,53.2,2,65.3,2024-12-03T14:16,2024-12-04T00:20,0.0,0.0,5.3,32319.11,,978.2,27,8,
Phoenix,2024-12-04,73.6,49.2,3,61.7,2024-12-04T14:17,2024-12-05T00:20,0.0,0.0,4.1,32227.67,,979.1,37,5,
Phoenix,2024-12-05,74.9,48.9,1,61.8,2024-12-05T14:17,2024-12-06T00:20,0.0,0.0,3.4,32221.84,,978.8,40,2,
Phoenix,2024-12-06,76.9,53.7,1,64.3,2024-12-06T14:18,2024-12-07T00:20,0.0,0.0,6.9,32068.34,,978.0,33,6,
Phoenix,2024-12-07,73.6,53.8,0,64.0,2024-12-07T14:19,2024-12-08T00:20,0.0,0.0,5.2,32142.62,,979.4,32,0,
Phoenix,2024-12-08,70.8,47.1,0,60.0,2024-12-08T14:20,2024-12-09T00:20,0.0,0.0,4.4,32076.18,,978.6,35,0,
Phoenix,2024-12-09,70.7,46.5,3,58.8,2024-12-09T14:21,2024-12-10T00:20,0.0,0.0,4.9,32081.86,,977.4,38,17,
Phoenix,2024-12-10,66.1,47.1,0,56.8,2024-12-10T14:21,2024-12-11T00:20,0.0,0.0,7.8,32088.72,,984.4,16,0,
Phoenix,2024-12-11,69.1,40.5,3,52.8,2024-12-11T14:22,2024-12-12T00:20,0.0,0.0,3.7,31999.23,,985.1,21,51,
Phoenix,2024-12-12,71.6,50.3,3,58.6,2024-12-12T14:23,2024-12-13T00:21,0.0,0.0,5.4,27381.11,,975.9,13,76,
Phoenix,2024-12-13,66.6,45.2,3,56.0,2024-12-13T14:23,2024-12-14T00:21,0.0,0.0,2.9,32023.83,,976.7,31,23,
Phoenix,2024-12-14,68.0,43.5,3,55.4,2024-12-14T14:24,2024-12-15T00:21,0.0,0.0,3.8,25256.64,,981.5,38,41,
Phoenix,2024-12-15,68.6,41.7,3,55.7,2024-12-15T14:25,2024-12-16T00:22,0.0,0.0,3.3,28800.0,,979.3,30,41,
Phoenix,2024-12-16,67.8,39.4,3,54.6,2024-12-16T14:25,2024-12-17T00:22,0.0,0.0,5.2,32073.23,,979.6,31,33,
Phoenix,2024-12-17,70.5,40.3,3,54.4,2024-12-17T14:26,2024-12-18T00:22,0.0,0.0,3.3,32092.88,,978.6,28,25,
Phoenix,2024-12-18,80.1,46.8,1,59.7,2024-12-18T14:26,2024-12-19T00:23,0.0,0.0,7.0,32114.06,,980.9,20,2,
Phoenix,2024-12-19,79.0,51.0,0,65.6,2024-12-19T14:27,2024-12-20T00:23,0.0,0.0,6.8,32137.21,,980.6,17,0,
Phoenix,2024-12-20,79.2,49.2,3,63.4,2024-12-20T14:27,2024-12-21T00:24,0.0,0.0,5.2,32162.75,,981.3,21,18,
Phoenix,2024-12-21,74.8,47.5,2,61.3,2024-12-21T14:28,2024-12-22T00:24,0.0,0.0,5.5,32190.57,,980.8,24,6,
Phoenix,2024-12-22,71.9,43.2,3,58.4,2024-12-22T14:28,2024-12-23T00:25,0.0,0.0,3.8,32220.57,,978.7,28,24,
Phoenix,2024-12-23,73.8,50.1,3,61.1,2024-12-23T14:29,2024-12-24T00:25,0.0,0.0,4.4,32252.64,,978.0,24,64,
Phoenix,2024-12-24,73.6,47.8,1,60.6,2024-12-24T14:29,2024-12-25T00:26,0.0,0.0,4.6,32286.68,,978.5,29,5,
Phoenix,2024-12-25,70.0,51.4,3,60.4,2024-12-25T14:30,2024-12-26T00:26,0.0,0.0,5.1,32322.58,,973.8,35,29,
Phoenix,2024-12-26,64.5,46.6,3,55.2,2024-12-26T14:30,2024-12-27T00:27,0.0,0.0,3.7,25208.29,,976.6,37,70,
Phoenix,2024-12-27,64.3,41.7,3,52.4,2024-12-27T14:30,2024-12-28T00:28,0.0,0.0,3.8,29345.14,,976.1,49,46,
Phoenix,2024-12-28,66.2,41.6,3,53.6,2024-12-28T14:31,2024-12-29T00:28,0.0,0.0,4.0,32400.0,,978.2,47,44,
Phoenix,2024-12-29,71.1,42.7,3,54.9,2024-12-29T14:31,2024-12-30T00:29,0.0,0.0,2.9,32400.0,,979.2,41,36,
Phoenix,2024-12-30,70.5,42.5,0,56.7,2024-12-30T14:31,2024-12-31T00:30,0.0,0.0,3.6,32400.0,,976.3,37,0,
Phoenix,2024-12-31,69.1,43.5,3,56.3,2024-12-31T14:32,2025-01-01T00:30,0.0,0.0,3.6,32400.0,,976.5,37,19,
Ahmedabad,2024-01-01,0,82.8,59.8,69.7,2024-01-01T01:50,2024-01-01T12:35,0.0,0.0,6.7,35130.0,,1008.3,71,0,
Ahmedabad,2024-01-02,0,82.2,58.8,69.0,2024-01-02T01:50,2024-01-02T12:35,0.0,0.0,7.2,35112.05,,1007.6,70,0,
Ahmedabad,2024-01-03,0,80.3,58.6,67.3,2024-01-03T01:50,2024-01-03T12:36,0.0,0.0,7.7,35095.3,,1007.7,67,0,
Ahmedabad,2024-01-04,1,79.4,56.8,65.6,2024-01-04T01:51,2024-01-04T12:37,0.0,0.0,9.1,35079.81,,1008.3,65,2,
Ahmedabad,2024-01-05,3,78.5,56.4,65.3,2024-01-05T01:51,2024-01-05T12:37,0.0,0.0,8.1,35065.64,,1008.9,66,35,
Ahmedabad,2024-01-06,0,78.9,57.6,66.4,2024-01-06T01:51,2024-01-06T12:38,0.0,0.0,9.7,35058.84,,1009.6,66,0,
Ahmedabad,2024-01-07,0,79.6,59.1,69.0,2024-01-07T01:51,2024-01-07T12:39,0.0,0.0,11.3,35041.54,,1009.4,68,3,
Ahmedabad,2024-01-08,3,81.4,62.5,71.7,2024-01-08T01:52,2024-01-08T12:39,0.0,0.0,9.4,34891.69,,1009.1,70,34,
Ahmedabad,2024-01-09,2,82.1,64.4,71.9,2024-01-09T01:52,2024-01-09T12:40,0.0,0.0,9.1,35023.45,,1009.6,63,12,
Ahmedabad,2024-01-10,0,82.2,62.3,70.7,2024-01-10T01:52,2024-01-10T12:41,0.0,0.0,9.6,35016.82,,1009.4,71,1,
Ahmedabad,2024-01-11,0,83.4,60.0,70.0,2024-01-11T01:52,2024-01-11T12:41,0.0,0.0,7.8,35071.32,,1009.8,73,0,
Ahmedabad,2024-01-12,0,83.9,59.8,70.9,2024-01-12T01:52,2024-01-12T12:42,0.0,0.0,6.8,35151.46,,1008.9,69,0,
Ahmedabad,2024-01-13,0,83.8,56.1,69.2,2024-01-13T01:52,2024-01-13T12:43,0.0,0.0,7.1,35237.43,,1009.0,59,1,
Ahmedabad,2024-01-14,0,81.7,54.3,66.4,2024-01-14T01:52,2024-01-14T12:43,0.0,0.0,7.9,35328.82,,1009.6,46,0,
Ahmedabad,2024-01-15,0,79.9,53.5,65.4,2024-01-15T01:52,2024-01-15T12:44,0.0,0.0,6.0,35330.13,,1008.3,62,0,
Ahmedabad,2024-01-16,3,79.6,53.1,65.6,2024-01-16T01:52,2024-01-16T12:45,0.0,0.0,6.9,35429.7,,1005.9,58,52,
Ahmedabad,2024-01-17,3,79.6,54.8,66.9,2024-01-17T01:52,2024-01-17T12:46,0.0,0.0,5.6,35434.77,,1006.1,62,59,
Ahmedabad,2024-01-18,3,81.7,56.5,68.2,2024-01-18T01:52,2024-01-18T12:46,0.0,0.0,7.3,35440.6,,1007.7,56,9,
Ahmedabad,2024-01-19,0,81.0,58.5,67.7,2024-01-19T01:52,2024-01-19T12:47,0.0,0.0,9.0,35550.73,,1008.5,50,0,
Ahmedabad,2024-01-20,3,80.1,57.1,67.3,2024-01-20T01:52,2024-01-20T12:48,0.0,0.0,8.1,35665.52,,1009.9,42,12,
Ahmedabad,2024-01-21,3,80.0,55.5,66.1,2024-01-21T01:52,2024-01-21T12:48,0.0,0.0,8.9,35784.82,,1010.2,52,71,
Ahmedabad,2024-01-22,3,80.5,55.5,66.0,2024-01-22T01:52,2024-01-22T12:49,0.0,0.0,8.5,35908.5,,1010.4,45,41,
Ahmedabad,2024-01-23,0,81.0,53.7,66.9,2024-01-23T01:51,2024-01-23T12:50,0.0,0.0,6.4,35925.36,,1010.2,44,0,
Ahmedabad,2024-01-24,3,80.7,54.5,66.7,2024-01-24T01:51,2024-01-24T12:51,0.0,0.0,6.8,36055.56,,1010.3,51,5,
Ahmedabad,2024-01-25,3,81.4,55.3,67.2,2024-01-25T01:51,2024-01-25T12:51,0.0,0.0,9.2,36189.74,,1011.2,50,20,
Ahmedabad,2024-01-26,3,82.2,55.9,67.0,2024-01-26T01:51,2024-01-26T12:52,0.0,0.0,8.0,36327.72,,1012.2,52,49,
Ahmedabad,2024-01-27,3,84.5,56.0,68.5,2024-01-27T01:51,2024-01-27T12:53,0.0,0.0,7.9,36469.35,,1011.2,49,62,
Ahmedabad,2024-01-28,3,85.2,54.8,69.9,2024-01-28T01:50,2024-01-28T12:53,0.0,0.0,6.2,36018.41,,1010.1,49,90,
Ahmedabad,2024-01-29,3,82.2,57.1,69.0,2024-01-29T01:50,2024-01-29T12:54,0.0,0.0,6.8,36521.64,,1010.2,55,69,
Ahmedabad,2024-01-30,3,84.2,57.3,71.9,2024-01-30T01:50,2024-01-30T12:55,0.0,0.0,5.1,36059.95,,1008.9,54,99,
Ahmedabad,2024-01-31,3,84.3,60.0,72.2,2024-01-31T01:49,2024-01-31T12:55,0.0,0.0,8.9,31175.41,,1008.1,57,85,
Ahmedabad,2024-02-01,3,84.1,64.7,73.1,2024-02-01T01:49,2024-02-01T12:56,0.0,0.0,6.7,36852.98,,1009.0,63,31,
Ahmedabad,2024-02-02,3,85.3,60.7,72.5,2024-02-02T01:49,2024-02-02T12:57,0.0,0.0,5.6,37009.8,,1010.1,55,12,
Ahmedabad,2024-02-03,3,89.4,61.8,75.0,2024-02-03T01:48,2024-02-03T12:57,0.0,0.0,6.3,37169.83,,1009.7,53,13,
Ahmedabad,2024-02-04,0,91.0,63.4,76.9,2024-02-04T01:48,2024-02-04T12:58,0.0,0.0,8.9,37076.21,,1009.4,54,2,
Ahmedabad,2024-02-05,2,85.9,65.5,75.3,2024-02-05T01:47,2024-02-05T12:59,0.0,0.0,7.9,37369.82,,1009.9,62,11,
Ahmedabad,2024-02-06,3,86.9,65.1,75.0,2024-02-06T01:47,2024-02-06T12:59,0.0,0.0,6.7,37407.27,,1010.3,56,26,
Ahmedabad,2024-02-07,3,86.5,63.6,75.0,2024-02-07T01:46,2024-02-07T13:00,0.0,0.0,9.2,36523.18,,1011.9,50,68,
Ahmedabad,2024-02-08,3,82.3,60.7,71.1,2024-02-08T01:46,2024-02-08T13:01,0.0,0.0,11.9,35003.27,,1011.8,39,95,
Ahmedabad,2024-02-09,3,83.2,59.8,70.0,2024-02-09T01:45,2024-02-09T13:01,0.0,0.0,8.8,37831.54,,1010.7,38,25,
Ahmedabad,2024-02-10,3,85.0,60.5,71.1,2024-02-10T01:45,2024-02-10T13:02,0.0,0.0,10.1,37906.71,,1011.4,36,8,
Ahmedabad,2024-02-11,3,85.0,61.4,71.6,2024-02-11T01:44,2024-02-11T13:02,0.0,0.0,10.2,37982.58,,1011.3,40,68,
Ahmedabad,2024-02-12,3,84.8,62.1,72.9,2024-02-12T01:44,2024-02-12T13:03,0.0,0.0,9.3,37083.43,,1009.9,40,99,
Ahmedabad,2024-02-13,3,85.2,63.5,73.9,2024-02-13T01:43,2024-02-13T13:04,0.0,0.0,8.4,35345.16,,1010.2,40,80,
Ahmedabad,2024-02-14,0,86.1,62.6,73.7,2024-02-14T01:42,2024-02-14T13:04,0.0,0.0,8.4,38213.49,,1010.1,39,0,
Ahmedabad,2024-02-15,0,89.5,66.1,77.0,2024-02-15T01:42,2024-02-15T13:05,0.0,0.0,11.8,38291.3,,1009.8,43,0,
Ahmedabad,2024-02-16,0,93.0,68.0,78.6,2024-02-16T01:41,2024-02-16T13:05,0.0,0.0,11.8,38369.39,,1009.5,39,3,
Ahmedabad,2024-02-17,2,94.3,67.9,79.9,2024-02-17T01:40,2024-02-17T13:06,0.0,0.0,8.5,38447.69,,1006.6,35,20,
Ahmedabad,2024-02-18,3,93.6,65.0,78.6,2024-02-18T01:40,2024-02-18T13:06,0.0,0.0,9.5,38526.12,,1005.1,32,38,
Ahmedabad,2024-02-19,3,93.7,67.0,79.7,2024-02-19T01:39,2024-02-19T13:07,0.0,0.0,10.6,38604.62,,1005.5,34,54,
Ahmedabad,2024-02-20,3,90.3,66.3,77.9,2024-02-20T01:38,2024-02-20T13:07,0.0,0.0,9.8,38683.11,,1005.8,60,20,
Ahmedabad,2024-02-21,51,86.6,67.1,76.1,2024-02-21T01:37,2024-02-21T13:08,0.004,0.0,13.0,35182.76,,1005.3,60,22,
Ahmedabad,2024-02-22,1,85.7,63.2,74.7,2024-02-22T01:37,2024-02-22T13:09,0.0,0.0,10.3,38815.82,,1006.7,46,4,
Ahmedabad,2024-02-23,0,85.6,60.7,72.9,2024-02-23T01:36,2024-02-23T13:09,0.0,0.0,8.2,38848.29,,1007.7,26,0,
Ahmedabad,2024-02-24,0,87.0,60.1,72.4,2024-02-24T01:35,2024-02-24T13:10,0.0,0.0,8.9,38880.19,,1007.8,19,1,
Ahmedabad,2024-02-25,3,88.4,59.8,74.4,2024-02-25T01:34,2024-02-25T13:10,0.0,0.0,8.7,38911.54,,1007.2,21,57,
Ahmedabad,2024-02-26,3,91.4,68.0,77.9,2024-02-26T01:34,2024-02-26T13:11,0.0,0.0,13.0,32649.04,,1006.0,34,65,
Ahmedabad,2024-02-27,0,94.4,68.0,80.0,2024-02-27T01:33,2024-02-27T13:11,0.0,0.0,8.7,38972.66,,1006.8,40,5,
Ahmedabad,2024-02-28,0,93.3,68.4,79.9,2024-02-28T01:32,2024-02-28T13:11,0.0,0.0,9.5,39002.46,,1006.6,40,0,
Ahmedabad,2024-02-29,0,98.5,69.7,82.6,2024-02-29T01:31,2024-02-29T13:12,0.0,0.0,9.2,39031.79,,1005.1,35,2,
Ahmedabad,2024-03-01,3,98.4,70.4,83.8,2024-03-01T01:30,2024-03-01T13:12,0.0,0.0,12.2,39060.66,,1004.9,37,24,
Ahmedabad,2024-03-02,61,86.0,59.8,74.8,2024-03-02T01:29,2024-03-02T13:13,0.181,0.0,14.4,35984.71,,1005.3,59,47,
Ahmedabad,2024-03-03,3,77.5,56.5,65.9,2024-03-03T01:29,2024-03-03T13:13,0.0,0.0,8.8,39117.11,,1007.6,40,62,
Ahmedabad,2024-03-04,3,81.6,56.7,68.8,2024-03-04T01:28,2024-03-04T13:14,0.0,0.0,7.6,39144.73,,1008.9,34,20,
Ahmedabad,2024-03-05,0,86.6,58.1,71.6,2024-03-05T01:27,2024-03-05T13:14,0.0,0.0,8.3,39171.98,,1008.1,33,0,
Ahmedabad,2024-03-06,0,89.2,59.6,74.4,2024-03-06T01:26,2024-03-06T13:15,0.0,0.0,7.4,39198.88,,1007.1,34,0,
Ahmedabad,2024-03-07,0,90.0,61.4,75.2,2024-03-07T01:25,2024-03-07T13:15,0.0,0.0,6.8,39225.45,,1007.2,33,0,
Ahmedabad,2024-03-08,0,90.4,61.9,76.7,2024-03-08T01:24,2024-03-08T13:15,0.0,0.0,8.6,39251.72,,1007.9,29,0,
Ahmedabad,2024-03-09,3,90.2,63.0,77.6,2024-03-09T01:23,2024-03-09T13:16,0.0,0.0,8.6,39277.71,,1007.1,30,14,
Ahmedabad,2024-03-10,0,93.0,66.2,79.2,2024-03-10T01:22,2024-03-10T13:16,0.0,0.0,8.4,39303.44,,1007.5,37,0,
Ahmedabad,2024-03-11,0,95.1,67.5,82.3,2024-03-11T01:21,2024-03-11T13:17,0.0,0.0,8.2,39328.94,,1008.6,31,0,
Ahmedabad,2024-03-12,0,94.8,68.7,81.3,2024-03-12T01:20,2024-03-12T13:17,0.0,0.0,8.5,39354.23,,1007.4,34,0,
Ahmedabad,2024-03-13,0,93.8,68.8,80.2,2024-03-13T01:19,2024-03-13T13:17,0.0,0.0,11.4,39379.29,,1006.8,40,0,
Ahmedabad,2024-03-14,0,92.2,66.1,79.2,2024-03-14T01:19,2024-03-14T13:18,0.0,0.0,7.4,39435.74,,1006.7,35,0,
Ahmedabad,2024-03-15,0,93.3,64.3,80.2,2024-03-15T01:18,2024-03-15T13:18,0.0,0.0,5.7,39450.88,,1005.7,30,0,
Ahmedabad,2024-03-16,0,95.1,66.7,81.5,2024-03-16T01:17,2024-03-16T13:19,0.0,0.0,10.1,39556.31,,1005.9,31,0,
Ahmedabad,2024-03-17,0,96.3,71.1,83.5,2024-03-17T01:16,2024-03-17T13:19,0.0,0.0,12.7,39571.8,,1005.8,26,0,
Ahmedabad,2024-03-18,2,97.0,68.4,82.3,2024-03-18T01:15,2024-03-18T13:19,0.0,0.0,9.7,39682.82,,1005.8,20,6,
Ahmedabad,2024-03-19,1,98.4,67.7,84.0,2024-03-19T01:14,2024-03-19T13:20,0.0,0.0,9.4,39797.79,,1006.0,19,8,
Ahmedabad,2024-03-20,3,100.7,70.0,84.4,2024-03-20T01:13,2024-03-20T13:20,0.0,0.0,8.4,39815.02,,1004.9,23,24,
Ahmedabad,2024-03-21,3,100.3,71.7,85.5,2024-03-21T01:12,2024-03-21T13:21,0.0,0.0,7.0,32457.83,,1003.4,21,54,
Ahmedabad,2024-03-22,2,100.8,68.8,85.7,2024-03-22T01:11,2024-03-22T13:21,0.0,0.0,8.1,39952.7,,1002.4,20,6,
Ahmedabad,2024-03-23,3,101.2,71.2,87.0,2024-03-23T01:10,2024-03-23T13:21,0.0,0.0,8.5,40068.27,,1002.7,29,52,
Ahmedabad,2024-03-24,2,99.1,74.2,85.6,2024-03-24T01:09,2024-03-24T13:22,0.0,0.0,9.2,40175.1,,1004.2,35,14,
Ahmedabad,2024-03-25,1,101.8,73.5,87.8,2024-03-25T01:08,2024-03-25T13:22,0.0,0.0,7.2,40172.73,,1004.7,37,2,
Ahmedabad,2024-03-26,3,103.9,74.5,90.3,2024-03-26T01:07,2024-03-26T13:22,0.0,0.0,7.1,40169.62,,1004.3,32,34,
Ahmedabad,2024-03-27,3,105.3,78.3,91.6,2024-03-27T01:06,2024-03-27T13:23,0.0,0.0,7.4,40282.45,,1005.3,31,53,
Ahmedabad,2024-03-28,3,104.6,78.7,91.2,2024-03-28T01:05,2024-03-28T13:23,0.0,0.0,9.9,40398.41,,1003.7,29,71,
Ahmedabad,2024-03-29,3,103.6,78.4,89.7,2024-03-29T01:04,2024-03-29T13:23,0.0,0.0,10.3,40276.71,,1003.6,29,22,
Ahmedabad,2024-03-30,2,100.2,75.9,86.9,2024-03-30T01:03,2024-03-30T13:24,0.0,0.0,11.8,40639.29,,1005.7,31,5,
Ahmedabad,2024-03-31,3,98.7,74.8,85.4,2024-03-31T01:02,2024-03-31T13:24,0.0,0.0,8.1,40144.77,,1006.0,30,61,
Ahmedabad,2024-04-01,3,100.4,74.8,86.8,2024-04-01T01:01,2024-04-01T13:25,0.0,0.0,10.9,40891.2,,1002.7,30,62,
Ahmedabad,2024-04-02,3,99.4,73.9,87.1,2024-04-02T01:00,2024-04-02T13:25,0.0,0.0,8.6,32736.88,,1001.8,24,96,
Ahmedabad,2024-04-03,3,99.0,74.8,87.8,2024-04-03T00:59,2024-04-03T13:25,0.0,0.0,8.5,39447.51,,1002.7,29,90,
Ahmedabad,2024-04-04,3,99.4,77.7,87.7,2024-04-04T00:58,2024-04-04T13:26,0.0,0.0,8.0,39193.52,,1003.6,34,97,
Ahmedabad,2024-04-05,3,99.4,76.4,88.9,2024-04-05T00:57,2024-04-05T13:26,0.0,0.0,12.7,34148.65,,1003.2,32,91,
Ahmedabad,2024-04-06,3,100.2,76.9,88.2,2024-04-06T00:56,2024-04-06T13:26,0.0,0.0,11.0,39600.0,,1002.1,25,16,
Ahmedabad,2024-04-07,0,101.7,75.6,88.3,2024-04-07T00:55,2024-04-07T13:27,0.0,0.0,9.5,41974.65,,1001.2,23,1,
Ahmedabad,2024-04-08,1,104.0,76.2,89.9,2024-04-08T00:55,2024-04-08T13:27,0.0,0.0,8.1,41985.17,,1001.6,26,2,
Ahmedabad,2024-04-09,3,105.7,74.2,91.3,2024-04-09T00:54,2024-04-09T13:28,0.0,0.0,6.7,42132.28,,1001.3,23,10,
Ahmedabad,2024-04-10,3,103.9,78.0,92.2,2024-04-10T00:53,2024-04-10T13:28,0.0,0.0,6.7,39947.22,,1001.3,22,57,
Ahmedabad,2024-04-11,3,104.8,78.0,91.7,2024-04-11T00:52,2024-04-11T13:28,0.0,0.0,10.3,41872.62,,1001.9,30,23,
Ahmedabad,2024-04-12,2,102.0,74.8,87.3,2024-04-12T00:51,2024-04-12T13:29,0.0,0.0,7.7,42385.87,,1001.6,33,10,
Ahmedabad,2024-04-13,3,101.5,73.7,89.0,2024-04-13T00:50,2024-04-13T13:29,0.0,0.0,9.1,42312.63,,1002.3,42,53,
Ahmedabad,2024-04-14,51,103.0,80.5,91.2,2024-04-14T00:49,2024-04-14T13:29,0.008,0.0,12.5,34357.68,,1004.1,40,70,
Ahmedabad,2024-04-15,3,105.3,80.6,92.5,2024-04-15T00:48,2024-04-15T13:30,0.0,0.0,11.5,39958.55,,1004.6,33,54,
Ahmedabad,2024-04-16,3,106.2,81.4,94.1,2024-04-16T00:47,2024-04-16T13:30,0.0,0.0,10.9,42593.73,,1003.1,26,20,
Ahmedabad,2024-04-17,3,109.2,81.5,95.5,2024-04-17T00:46,2024-04-17T13:31,0.0,0.0,9.4,42643.88,,1001.7,24,34,
Ahmedabad,2024-04-18,3,106.8,82.5,94.1,2024-04-18T00:46,2024-04-18T13:31,0.0,0.0,11.7,41759.75,,1001.2,26,45,
Ahmedabad,2024-04-19,3,103.4,79.4,91.7,2024-04-19T00:45,2024-04-19T13:31,0.0,0.0,12.8,42741.52,,1000.2,32,24,
Ahmedabad,2024-04-20,3,100.2,78.2,88.7,2024-04-20T00:44,2024-04-20T13:32,0.0,0.0,12.2,42788.86,,1000.8,30,57,
Ahmedabad,2024-04-21,3,100.8,77.9,88.7,2024-04-21T00:43,2024-04-21T13:32,0.0,0.0,10.3,41841.39,,1001.1,37,35,
Ahmedabad,2024-04-22,0,101.2,77.0,88.8,2024-04-22T00:42,2024-04-22T13:33,0.0,0.0,11.0,42880.2,,1001.6,31,0,
Ahmedabad,2024-04-23,0,102.9,76.3,90.1,2024-04-23T00:42,2024-04-23T13:33,0.0,0.0,7.2,42924.5,,1000.2,30,0,
Ahmedabad,2024-04-24,0,105.6,79.0,92.2,2024-04-24T00:41,2024-04-24T13:34,0.0,0.0,8.2,42968.32,,999.7,29,0,
Ahmedabad,2024-04-25,1,105.4,80.6,93.1,2024-04-25T00:40,2024-04-25T13:34,0.0,0.0,10.2,43011.62,,999.9,31,4,
Ahmedabad,2024-04-26,51,104.5,78.0,91.7,2024-04-26T00:39,2024-04-26T13:34,0.004,0.0,10.8,43054.34,,1000.5,32,18,
Ahmedabad,2024-04-27,3,103.5,81.7,92.7,2024-04-27T00:39,2024-04-27T13:35,0.0,0.0,9.2,40207.1,,1001.2,26,99,
Ahmedabad,2024-04-28,3,105.4,83.4,93.3,2024-04-28T00:38,2024-04-28T13:35,0.0,0.0,9.4,39723.02,,1001.5,20,50,
Ahmedabad,2024-04-29,2,105.2,80.3,92.9,2024-04-29T00:37,2024-04-29T13:36,0.0,0.0,10.7,43178.63,,1001.7,24,8,
Ahmedabad,2024-04-30,2,104.9,79.5,92.2,2024-04-30T00:36,2024-04-30T13:36,0.0,0.0,12.6,43200.0,,999.6,19,4,
Ahmedabad,2024-05-01,3,105.4,77.6,90.9,2024-05-01T00:36,2024-05-01T13:37,0.0,0.0,11.8,43200.0,,998.0,14,24,
Ahmedabad,2024-05-02,3,104.5,76.0,91.0,2024-05-02T00:35,2024-05-02T13:37,0.0,0.0,7.6,43200.0,,998.8,14,59,
Ahmedabad,2024-05-03,3,107.6,78.4,93.6,2024-05-03T00:34,2024-05-03T13:37,0.0,0.0,8.5,43200.0,,999.9,21,58,
Ahmedabad,2024-05-04,3,106.5,84.2,95.6,2024-05-04T00:34,2024-05-04T13:38,0.0,0.0,13.0,42919.34,,1000.6,35,76,
Ahmedabad,2024-05-05,3,103.0,81.9,93.2,2024-05-05T00:33,2024-05-05T13:38,0.0,0.0,12.8,33003.59,,999.3,37,54,
Ahmedabad,2024-05-06,0,105.7,80.7,93.1,2024-05-06T00:33,2024-05-06T13:39,0.0,0.0,9.5,43200.0,,999.3,40,1,
Ahmedabad,2024-05-07,1,109.4,81.6,95.4,2024-05-07T00:32,2024-05-07T13:39,0.0,0.0,11.8,43200.0,,999.6,41,5,
Ahmedabad,2024-05-08,1,108.7,83.5,96.0,2024-05-08T00:31,2024-05-08T13:40,0.0,0.0,12.1,43200.0,,998.6,34,3,
Ahmedabad,2024-05-09,1,108.2,83.9,96.2,2024-05-09T00:31,2024-05-09T13:40,0.0,0.0,13.0,43200.0,,998.6,36,9,
Ahmedabad,2024-05-10,1,107.8,83.9,95.5,2024-05-10T00:30,2024-05-10T13:41,0.0,0.0,10.0,43200.0,,1000.5,42,5,
Ahmedabad,2024-05-11,2,105.7,83.7,94.8,2024-05-11T00:30,2024-05-11T13:41,0.0,0.0,11.3,43200.0,,1001.5,41,11,
Ahmedabad,2024-05-12,51,107.0,84.3,94.9,2024-05-12T00:29,2024-05-12T13:42,0.008,0.0,12.3,40347.23,,1001.5,39,21,
Ahmedabad,2024-05-13,3,103.0,84.0,92.5,2024-05-13T00:29,2024-05-13T13:42,0.0,0.0,17.7,32400.0,,1001.8,43,62,
Ahmedabad,2024-05-14,51,103.9,81.4,92.8,2024-05-14T00:28,2024-05-14T13:43,0.012,0.0,9.8,42094.91,,1001.9,32,38,
Ahmedabad,2024-05-15,2,105.7,81.2,95.3,2024-05-15T00:28,2024-05-15T13:43,0.0,0.0,11.7,43032.36,,1002.1,27,25,
Ahmedabad,2024-05-16,3,108.7,84.9,97.0,2024-05-16T00:28,2024-05-16T13:43,0.0,0.0,10.3,43200.0,,1000.9,29,16,
Ahmedabad,2024-05-17,2,112.9,84.6,98.1,2024-05-17T00:27,2024-05-17T13:44,0.0,0.0,12.6,43200.0,,998.8,26,14,
Ahmedabad,2024-05-18,1,113.7,85.0,99.7,2024-05-18T00:27,2024-05-18T13:44,0.0,0.0,9.7,43200.0,,996.7,25,4,
Ahmedabad,2024-05-19,2,113.8,88.6,101.6,2024-05-19T00:26,2024-05-19T13:45,0.0,0.0,12.6,43200.0,,995.0,19,8,
Ahmedabad,2024-05-20,2,112.3,88.5,99.8,2024-05-20T00:26,2024-05-20T13:45,0.0,0.0,12.0,42765.27,,996.2,28,5,
Ahmedabad,2024-05-21,1,113.2,87.4,99.2,2024-05-21T00:26,2024-05-21T13:46,0.0,0.0,11.1,43200.0,,995.9,31,6,
Ahmedabad,2024-05-22,1,114.6,86.6,100.5,2024-05-22T00:25,2024-05-22T13:46,0.0,0.0,11.8,43200.0,,994.7,31,5,
Ahmedabad,2024-05-23,0,115.6,87.7,101.6,2024-05-23T00:25,2024-05-23T13:47,0.0,0.0,13.5,43200.0,,993.2,27,1,
Ahmedabad,2024-05-24,0,114.3,85.1,99.7,2024-05-24T00:25,2024-05-24T13:47,0.0,0.0,12.5,43200.0,,993.2,33,1,
Ahmedabad,2024-05-25,1,112.1,84.4,97.6,2024-05-25T00:25,2024-05-25T13:48,0.0,0.0,12.7,43200.0,,994.3,44,5,
Ahmedabad,2024-05-26,2,111.0,85.9,97.6,2024-05-26T00:24,2024-05-26T13:48,0.0,0.0,12.4,43189.44,,994.6,42,11,
Ahmedabad,2024-05-27,2,111.7,84.8,96.2,2024-05-27T00:24,2024-05-27T13:49,0.0,0.0,14.5,43200.0,,993.6,47,10,
Ahmedabad,2024-05-28,3,111.4,84.2,95.2,2024-05-28T00:24,2024-05-28T13:49,0.0,0.0,16.7,43200.0,,993.8,49,40,
Ahmedabad,2024-05-29,2,109.2,83.7,94.0,2024-05-29T00:24,2024-05-29T13:50,0.0,0.0,14.8,43200.0,,994.4,53,14,
Ahmedabad,2024-05-30,3,108.4,83.1,93.7,2024-05-30T00:23,2024-05-30T13:50,0.0,0.0,15.4,43200.0,,996.4,53,52,
Ahmedabad,2024-05-31,1,107.3,84.6,94.4,2024-05-31T00:23,2024-05-31T13:50,0.0,0.0,15.9,43200.0,,997.3,50,3,
Ahmedabad,2024-06-01,0,107.4,85.0,94.1,2024-06-01T00:23,2024-06-01T13:51,0.0,0.0,14.0,43200.0,,997.5,49,4,
Ahmedabad,2024-06-02,2,106.8,84.9,93.9,2024-06-02T00:23,2024-06-02T13:51,0.0,0.0,12.2,43200.0,,998.3,47,8,
Ahmedabad,2024-06-03,51,106.3,84.6,95.2,2024-06-03T00:23,2024-06-03T13:52,0.004,0.0,11.5,40712.27,,998.3,48,35,
Ahmedabad,2024-06-04,1,105.6,84.8,94.7,2024-06-04T00:23,2024-06-04T13:52,0.0,0.0,11.9,43200.0,,998.7,48,6,
Ahmedabad,2024-06-05,0,106.3,83.9,94.6,2024-06-05T00:23,2024-06-05T13:52,0.0,0.0,13.1,43200.0,,999.1,45,1,
Ahmedabad,2024-06-06,3,106.7,83.4,95.5,2024-06-06T00:23,2024-06-06T13:53,0.0,0.0,11.6,43200.0,,999.5,44,12,
Ahmedabad,2024-06-07,0,106.8,85.2,96.1,2024-06-07T00:23,2024-06-07T13:53,0.0,0.0,12.8,43200.0,,997.4,45,4,
Ahmedabad,2024-06-08,1,105.6,85.1,95.2,2024-06-08T00:23,2024-06-08T13:54,0.0,0.0,9.8,43200.0,,996.5,45,4,
Ahmedabad,2024-06-09,3,107.9,86.8,96.5,2024-06-09T00:23,2024-06-09T13:54,0.0,0.0,15.8,43200.0,,996.3,44,19,
Ahmedabad,2024-06-10,3,105.5,85.9,94.6,2024-06-10T00:23,2024-06-10T13:54,0.0,0.0,11.7,38257.74,,997.5,49,56,
Ahmedabad,2024-06-11,2,106.2,83.2,94.2,2024-06-11T00:23,2024-06-11T13:55,0.0,0.0,11.2,43200.0,,997.5,48,12,
Ahmedabad,2024-06-12,1,105.3,82.6,93.3,2024-06-12T00:23,2024-06-12T13:55,0.0,0.0,12.1,42119.88,,998.2,52,14,
Ahmedabad,2024-06-13,1,106.1,83.6,93.6,2024-06-13T00:23,2024-06-13T13:55,0.0,0.0,10.9,43212.46,,997.6,49,8,
Ahmedabad,2024-06-14,1,105.1,84.9,92.7,2024-06-14T00:23,2024-06-14T13:56,0.0,0.0,14.4,43200.0,,996.9,53,9,
Ahmedabad,2024-06-15,1,103.8,85.1,93.2,2024-06-15T00:23,2024-06-15T13:56,0.0,0.0,13.7,43200.0,,996.6,51,8,
Ahmedabad,2024-06-16,2,105.7,85.9,94.3,2024-06-16T00:24,2024-06-16T13:56,0.0,0.0,12.1,43200.0,,996.8,51,10,
Ahmedabad,2024-06-17,3,105.6,86.4,94.6,2024-06-17T00:24,2024-06-17T13:57,0.0,0.0,12.5,43200.0,,997.2,52,22,
Ahmedabad,2024-06-18,51,103.9,86.8,93.3,2024-06-18T00:24,2024-06-18T13:57,0.024,0.0,16.2,42449.99,,995.9,53,57,
Ahmedabad,2024-06-19,53,104.8,85.9,93.0,2024-06-19T00:24,2024-06-19T13:57,0.028,0.0,15.1,42197.22,,993.3,55,63,
Ahmedabad,2024-06-20,3,107.3,85.7,93.6,2024-06-20T00:24,2024-06-20T13:57,0.0,0.0,15.0,41320.97,,992.6,54,38,
Ahmedabad,2024-06-21,51,106.2,85.4,93.5,2024-06-21T00:24,2024-06-21T13:57,0.004,0.0,14.5,41543.71,,993.6,55,25,
Ahmedabad,2024-06-22,3,104.3,86.0,94.3,2024-06-22T00:25,2024-06-22T13:58,0.0,0.0,11.0,41835.75,,993.1,52,64,
Ahmedabad,2024-06-23,51,106.9,86.7,94.3,2024-06-23T00:25,2024-06-23T13:58,0.016,0.0,12.3,38458.5,,992.4,52,72,
Ahmedabad,2024-06-24,63,103.9,82.4,91.0,2024-06-24T00:25,2024-06-24T13:58,0.35,0.0,11.7,28906.81,,991.4,64,97,
Ahmedabad,2024-06-25,51,95.1,80.7,87.5,2024-06-25T00:25,2024-06-25T13:58,0.035,0.0,9.1,22305.9,,990.9,72,100,
Ahmedabad,2024-06-26,51,99.0,83.2,90.0,2024-06-26T00:26,2024-06-26T13:58,0.012,0.0,9.1,37236.78,,990.5,68,84,
Ahmedabad,2024-06-27,51,95.0,81.6,87.6,2024-06-27T00:26,2024-06-27T13:58,0.008,0.0,12.6,30888.75,,992.1,72,96,
Ahmedabad,2024-06-28,63,90.4,80.1,84.5,2024-06-28T00:26,2024-06-28T13:58,0.366,0.0,13.1,16902.42,,993.0,80,99,
Ahmedabad,2024-06-29,63,88.7,80.4,82.9,2024-06-29T00:27,2024-06-29T13:59,0.571,0.0,13.1,3600.0,,994.1,87,99,
Ahmedabad,2024-06-30,65,88.0,78.4,81.3,2024-06-30T00:27,2024-06-30T13:59,1.78,0.0,11.7,10566.63,,993.6,91,98,
Ahmedabad,2024-07-01,63,83.3,77.8,80.6,2024-07-01T00:27,2024-07-01T13:59,0.72,0.0,14.9,3195.01,,991.1,91,99,
Ahmedabad,2024-07-02,63,84.9,77.8,81.0,2024-07-02T00:28,2024-07-02T13:59,2.024,0.0,11.8,7677.03,,991.4,90,96,
Ahmedabad,2024-07-03,61,92.3,79.6,85.7,2024-07-03T00:28,2024-07-03T13:59,0.177,0.0,11.3,28543.26,,992.7,81,98,
Ahmedabad,2024-07-04,63,92.0,78.7,85.2,2024-07-04T00:28,2024-07-04T13:59,0.465,0.0,8.9,35589.41,,994.2,80,100,
Ahmedabad,2024-07-05,53,87.0,79.4,82.4,2024-07-05T00:29,2024-07-05T13:59,0.142,0.0,9.2,0.0,,992.3,88,100,
Ahmedabad,2024-07-06,51,91.0,79.2,85.7,2024-07-06T00:29,2024-07-06T13:59,0.031,0.0,11.9,18980.04,,991.2,79,99,
Ahmedabad,2024-07-07,55,91.8,79.9,85.6,2024-07-07T00:30,2024-07-07T13:59,0.173,0.0,11.0,41716.49,,993.3,80,89,
Ahmedabad,2024-07-08,53,91.7,79.7,85.2,2024-07-08T00:30,2024-07-08T13:59,0.063,0.0,7.0,25118.39,,994.3,80,100,
Ahmedabad,2024-07-09,63,90.7,78.8,83.8,2024-07-09T00:30,2024-07-09T13:59,0.476,0.0,8.0,27187.38,,995.7,85,85,
Ahmedabad,2024-07-10,51,90.7,78.7,84.6,2024-07-10T00:31,2024-07-10T13:58,0.004,0.0,10.3,38426.64,,997.5,79,87,
Ahmedabad,2024-07-11,63,91.1,80.8,84.4,2024-07-11T00:31,2024-07-11T13:58,0.406,0.0,8.7,32076.67,,995.7,80,91,
Ahmedabad,2024-07-12,55,90.8,78.3,83.1,2024-07-12T00:31,2024-07-12T13:58,0.217,0.0,11.8,24980.87,,993.7,83,89,
Ahmedabad,2024-07-13,51,91.4,78.4,84.7,2024-07-13T00:32,2024-07-13T13:58,0.091,0.0,9.6,40208.91,,993.3,81,71,
Ahmedabad,2024-07-14,51,91.5,80.1,85.5,2024-07-14T00:32,2024-07-14T13:58,0.055,0.0,9.3,34524.73,,992.4,79,83,
Ahmedabad,2024-07-15,65,87.2,78.4,81.5,2024-07-15T00:33,2024-07-15T13:57,1.567,0.0,7.0,4328.08,,993.2,91,96,
Ahmedabad,2024-07-16,63,90.9,78.0,84.1,2024-07-16T00:33,2024-07-16T13:57,0.795,0.0,8.1,22037.62,,992.1,85,100,
Ahmedabad,2024-07-17,53,90.9,79.7,84.4,2024-07-17T00:34,2024-07-17T13:57,0.055,0.0,9.6,35971.52,,993.4,80,94,
Ahmedabad,2024-07-18,65,92.4,79.8,84.3,2024-07-18T00:34,2024-07-18T13:57,0.681,0.0,10.9,29457.46,,992.3,80,81,
Ahmedabad,2024-07-19,61,88.9,79.6,83.3,2024-07-19T00:34,2024-07-19T13:56,0.13,0.0,12.7,25200.0,,990.6,84,88,
Ahmedabad,2024-07-20,51,90.3,79.5,84.0,2024-07-20T00:35,2024-07-20T13:56,0.047,0.0,11.0,19965.68,,991.9,82,85,
Ahmedabad,2024-07-21,53,91.4,79.1,85.0,2024-07-21T00:35,2024-07-21T13:56,0.047,0.0,8.4,34216.38,,992.3,80,99,
Ahmedabad,2024-07-22,61,87.3,79.6,82.2,2024-07-22T00:36,2024-07-22T13:55,0.252,0.0,11.7,19356.86,,993.6,87,100,
Ahmedabad,2024-07-23,55,89.0,79.1,82.5,2024-07-23T00:36,2024-07-23T13:55,0.161,0.0,11.7,20519.51,,993.2,85,99,
Ahmedabad,2024-07-24,63,84.7,78.7,80.7,2024-07-24T00:37,2024-07-24T13:55,0.85,0.0,11.0,1800.05,,990.8,90,100,
Ahmedabad,2024-07-25,63,86.7,78.4,81.1,2024-07-25T00:37,2024-07-25T13:54,0.602,0.0,13.1,11189.77,,991.0,87,100,
Ahmedabad,2024-07-26,53,87.8,78.5,82.6,2024-07-26T00:38,2024-07-26T13:54,0.138,0.0,10.9,17299.33,,992.3,85,100,
Ahmedabad,2024-07-27,63,86.5,78.3,81.4,2024-07-27T00:38,2024-07-27T13:53,0.307,0.0,10.3,6671.93,,993.4,89,100,
Ahmedabad,2024-07-28,63,88.5,78.6,81.9,2024-07-28T00:38,2024-07-28T13:53,0.453,0.0,9.6,10589.89,,991.2,90,100,
Ahmedabad,2024-07-29,65,82.5,78.6,80.1,2024-07-29T00:39,2024-07-29T13:52,4.98,0.0,19.3,510.47,,989.7,94,100,
Ahmedabad,2024-07-30,63,88.6,78.1,82.4,2024-07-30T00:39,2024-07-30T13:52,0.331,0.0,10.3,23698.77,,994.2,86,93,
Ahmedabad,2024-07-31,51,90.3,77.6,83.4,2024-07-31T00:40,2024-07-31T13:51,0.067,0.0,11.6,41665.55,,996.0,82,80,
Ahmedabad,2024-08-01,63,87.4,78.1,80.9,2024-08-01T00:40,2024-08-01T13:51,0.524,0.0,11.7,1796.34,,994.9,88,100,
Ahmedabad,2024-08-02,63,84.2,77.8,80.2,2024-08-02T00:40,2024-08-02T13:50,0.61,0.0,11.8,0.0,,994.0,89,100,
Ahmedabad,2024-08-03,63,84.1,78.0,79.6,2024-08-03T00:41,2024-08-03T13:50,1.476,0.0,12.6,2681.74,,994.4,92,100,
Ahmedabad,2024-08-04,61,86.0,77.9,81.0,2024-08-04T00:41,2024-08-04T13:49,0.165,0.0,10.8,2603.02,,995.3,88,100,
Ahmedabad,2024-08-05,61,84.7,77.8,80.7,2024-08-05T00:42,2024-08-05T13:48,0.154,0.0,11.3,11991.62,,996.8,87,94,
Ahmedabad,2024-08-06,55,88.3,78.0,82.3,2024-08-06T00:42,2024-08-06T13:48,0.098,0.0,12.4,22452.79,,996.9,81,83,
Ahmedabad,2024-08-07,53,88.9,76.9,82.2,2024-08-07T00:43,2024-08-07T13:47,0.087,0.0,10.8,33811.12,,997.8,80,96,
Ahmedabad,2024-08-08,53,87.8,76.3,81.2,2024-08-08T00:43,2024-08-08T13:46,0.13,0.0,9.9,27554.87,,998.9,83,94,
Ahmedabad,2024-08-09,61,85.7,76.9,80.2,2024-08-09T00:43,2024-08-09T13:46,0.669,0.0,9.8,25705.77,,999.7,88,98,
Ahmedabad,2024-08-10,63,85.2,77.6,79.8,2024-08-10T00:44,2024-08-10T13:45,0.906,0.0,10.1,2337.46,,998.9,90,100,
Ahmedabad,2024-08-11,53,84.1,76.9,79.6,2024-08-11T00:44,2024-08-11T13:44,0.181,0.0,11.9,3385.3,,997.4,88,100,
Ahmedabad,2024-08-12,61,86.8,76.9,81.1,2024-08-12T00:45,2024-08-12T13:44,0.323,0.0,9.2,23297.47,,998.0,88,95,
Ahmedabad,2024-08-13,55,87.8,78.1,81.3,2024-08-13T00:45,2024-08-13T13:43,0.193,0.0,7.8,17044.14,,999.0,88,82,
Ahmedabad,2024-08-14,53,88.4,78.4,82.6,2024-08-14T00:45,2024-08-14T13:42,0.087,0.0,7.8,28828.04,,999.1,85,98,
Ahmedabad,2024-08-15,53,87.8,78.0,82.6,2024-08-15T00:46,2024-08-15T13:41,0.075,0.0,7.2,13568.44,,997.8,83,100,
Ahmedabad,2024-08-16,55,88.9,78.0,81.8,2024-08-16T00:46,2024-08-16T13:41,0.169,0.0,11.1,34074.91,,997.1,85,99,
Ahmedabad,2024-08-17,51,90.0,77.4,82.8,2024-08-17T00:46,2024-08-17T13:40,0.035,0.0,8.5,40739.72,,998.9,81,96,
Ahmedabad,2024-08-18,51,90.7,78.1,83.9,2024-08-18T00:47,2024-08-18T13:39,0.024,0.0,6.2,39317.16,,999.8,79,92,
Ahmedabad,2024-08-19,53,90.5,78.7,85.0,2024-08-19T00:47,2024-08-19T13:38,0.051,0.0,6.5,41181.99,,998.8,78,81,
Ahmedabad,2024-08-20,55,87.8,79.1,82.5,2024-08-20T00:48,2024-08-20T13:37,0.091,0.0,7.0,40741.9,,999.1,84,77,
Ahmedabad,2024-08-21,53,89.3,79.0,83.1,2024-08-21T00:48,2024-08-21T13:36,0.039,0.0,5.9,30174.28,,999.1,85,91,
Ahmedabad,2024-08-22,63,89.5,79.4,83.6,2024-08-22T00:48,2024-08-22T13:36,0.319,0.0,6.7,29693.0,,998.2,86,96,
Ahmedabad,2024-08-23,63,86.9,78.5,81.6,2024-08-23T00:49,2024-08-23T13:35,1.618,0.0,5.1,17043.54,,998.6,92,100,
Ahmedabad,2024-08-24,63,80.4,76.3,78.4,2024-08-24T00:49,2024-08-24T13:34,1.512,0.0,8.1,0.0,,997.5,94,100,
Ahmedabad,2024-08-25,63,85.2,76.8,79.2,2024-08-25T00:49,2024-08-25T13:33,1.606,0.0,14.3,5214.11,,993.5,92,100,
Ahmedabad,2024-08-26,65,84.6,76.5,78.5,2024-08-26T00:50,2024-08-26T13:32,4.315,0.0,19.8,3659.29,,989.3,92,100,
Ahmedabad,2024-08-27,65,79.3,76.0,77.6,2024-08-27T00:50,2024-08-27T13:31,2.551,0.0,23.2,0.0,,992.1,91,100,
Ahmedabad,2024-08-28,65,85.1,76.9,79.8,2024-08-28T00:50,2024-08-28T13:30,0.807,0.0,19.9,7114.83,,993.2,86,99,
Ahmedabad,2024-08-29,61,87.8,77.1,80.9,2024-08-29T00:51,2024-08-29T13:29,0.201,0.0,19.5,33323.45,,994.7,86,72,
Ahmedabad,2024-08-30,53,86.8,76.0,81.0,2024-08-30T00:51,2024-08-30T13:28,0.094,0.0,13.2,34576.11,,998.6,85,50,
Ahmedabad,2024-08-31,3,89.9,75.5,82.3,2024-08-31T00:51,2024-08-31T13:27,0.0,0.0,5.7,41454.29,,1000.1,80,39,
Ahmedabad,2024-09-01,51,89.6,76.7,83.5,2024-09-01T00:52,2024-09-01T13:26,0.031,0.0,8.1,41452.64,,999.1,79,81,
Ahmedabad,2024-09-02,65,87.3,76.9,80.9,2024-09-02T00:52,2024-09-02T13:25,1.547,0.0,10.3,10619.67,,997.8,88,100,
Ahmedabad,2024-09-03,65,84.2,75.2,79.3,2024-09-03T00:52,2024-09-03T13:24,1.512,0.0,7.0,8034.12,,998.6,91,100,
Ahmedabad,2024-09-04,51,84.8,75.5,80.2,2024-09-04T00:52,2024-09-04T13:24,0.051,0.0,11.0,28507.32,,998.1,86,100,
Ahmedabad,2024-09-05,63,86.8,75.6,79.5,2024-09-05T00:53,2024-09-05T13:23,1.114,0.0,10.1,19478.74,,996.9,89,98,
Ahmedabad,2024-09-06,63,87.4,75.8,80.6,2024-09-06T00:53,2024-09-06T13:22,0.787,0.0,11.6,25475.05,,998.5,87,96,
Ahmedabad,2024-09-07,51,88.1,76.1,81.8,2024-09-07T00:53,2024-09-07T13:21,0.051,0.0,8.9,39374.24,,999.5,82,83,
Ahmedabad,2024-09-08,63,87.6,76.9,80.7,2024-09-08T00:54,2024-09-08T13:20,0.433,0.0,8.6,24008.63,,999.3,88,86,
Ahmedabad,2024-09-09,65,89.0,77.2,82.1,2024-09-09T00:54,2024-09-09T13:19,0.52,0.0,10.4,39898.39,,996.8,85,55,
Ahmedabad,2024-09-10,65,88.5,76.0,81.7,2024-09-10T00:54,2024-09-10T13:18,0.713,0.0,11.6,39943.64,,996.3,85,66,
Ahmedabad,2024-09-11,63,87.0,76.9,80.8,2024-09-11T00:55,2024-09-11T13:17,0.406,0.0,10.6,23410.75,,997.1,86,90,
Ahmedabad,2024-09-12,51,89.5,76.8,82.4,2024-09-12T00:55,2024-09-12T13:16,0.004,0.0,10.1,37817.31,,998.5,77,76,
Ahmedabad,2024-09-13,51,87.9,74.0,80.3,2024-09-13T00:55,2024-09-13T13:15,0.008,0.0,13.7,40716.23,,999.1,79,32,
Ahmedabad,2024-09-14,53,86.8,73.1,78.8,2024-09-14T00:56,2024-09-14T13:14,0.094,0.0,10.8,38696.89,,999.1,84,39,
Ahmedabad,2024-09-15,51,87.3,72.6,79.7,2024-09-15T00:56,2024-09-15T13:13,0.059,0.0,8.4,39958.7,,1000.1,81,24,
Ahmedabad,2024-09-16,3,88.1,72.3,80.4,2024-09-16T00:56,2024-09-16T13:12,0.0,0.0,8.0,41105.06,,1001.7,78,35,
Ahmedabad,2024-09-17,51,88.2,73.8,81.1,2024-09-17T00:56,2024-09-17T13:11,0.008,0.0,7.1,41174.77,,1001.1,76,36,
Ahmedabad,2024-09-18,3,89.7,75.6,82.0,2024-09-18T00:57,2024-09-18T13:10,0.0,0.0,9.0,39246.55,,999.3,77,26,
Ahmedabad,2024-09-19,2,90.6,75.1,83.0,2024-09-19T00:57,2024-09-19T13:09,0.0,0.0,8.4,38821.04,,999.8,75,12,
Ahmedabad,2024-09-20,1,91.2,76.1,83.8,2024-09-20T00:57,2024-09-20T13:07,0.0,0.0,9.8,39951.32,,1000.0,74,14,
Ahmedabad,2024-09-21,51,89.1,77.8,83.5,2024-09-21T00:58,2024-09-21T13:06,0.004,0.0,8.4,39170.24,,1001.2,78,27,
Ahmedabad,2024-09-22,51,91.4,77.9,84.5,2024-09-22T00:58,2024-09-22T13:05,0.004,0.0,7.5,39682.81,,1000.3,76,22,
Ahmedabad,2024-09-23,61,92.3,78.9,85.4,2024-09-23T00:58,2024-09-23T13:04,0.134,0.0,8.7,38739.2,,999.7,73,87,
Ahmedabad,2024-09-24,61,92.2,78.3,85.3,2024-09-24T00:59,2024-09-24T13:03,0.102,0.0,7.0,37398.04,,997.7,79,55,
Ahmedabad,2024-09-25,61,91.3,78.4,83.8,2024-09-25T00:59,2024-09-25T13:02,0.15,0.0,6.3,34572.1,,997.1,84,90,
Ahmedabad,2024-09-26,63,88.6,76.9,81.6,2024-09-26T00:59,2024-09-26T13:01,0.768,0.0,8.2,14057.72,,996.2,89,100,
Ahmedabad,2024-09-27,63,86.3,77.3,80.6,2024-09-27T00:59,2024-09-27T13:00,0.933,0.0,6.3,13699.18,,997.2,90,100,
Ahmedabad,2024-09-28,63,86.0,76.4,79.9,2024-09-28T01:00,2024-09-28T12:59,1.173,0.0,7.2,15453.05,,1000.3,91,99,
Ahmedabad,2024-09-29,61,85.4,76.4,79.9,2024-09-29T01:00,2024-09-29T12:58,0.142,0.0,5.0,9588.53,,1003.0,92,96,
Ahmedabad,2024-09-30,55,89.5,75.3,82.3,2024-09-30T01:00,2024-09-30T12:57,0.063,0.0,5.7,35882.96,,1003.3,87,38,
Ahmedabad,2024-10-01,1,92.1,78.1,84.6,2024-10-01T01:01,2024-10-01T12:57,0.0,0.0,7.1,38596.33,,1001.6,80,8,
Ahmedabad,2024-10-02,1,92.2,77.6,84.7,2024-10-02T01:01,2024-10-02T12:56,0.0,0.0,6.7,38593.52,,1001.8,79,5,
Ahmedabad,2024-10-03,3,90.4,76.5,83.1,2024-10-03T01:02,2024-10-03T12:55,0.0,0.0,9.6,37967.56,,1001.6,79,54,
Ahmedabad,2024-10-04,51,88.9,75.1,81.5,2024-10-04T01:02,2024-10-04T12:54,0.012,0.0,7.5,38224.17,,1002.0,83,29,
Ahmedabad,2024-10-05,51,89.3,74.4,81.3,2024-10-05T01:02,2024-10-05T12:53,0.004,0.0,5.7,33739.43,,1003.2,81,19,
Ahmedabad,2024-10-06,0,89.9,73.3,81.4,2024-10-06T01:03,2024-10-06T12:52,0.0,0.0,5.8,38116.0,,1004.7,75,6,
Ahmedabad,2024-10-07,1,93.9,74.7,82.9,2024-10-07T01:03,2024-10-07T12:51,0.0,0.0,6.7,37645.53,,1005.2,66,3,
Ahmedabad,2024-10-08,3,93.9,74.0,83.4,2024-10-08T01:03,2024-10-08T12:50,0.0,0.0,7.3,37404.62,,1004.6,66,41,
Ahmedabad,2024-10-09,3,93.6,73.3,84.5,2024-10-09T01:04,2024-10-09T12:49,0.0,0.0,6.9,37667.07,,1002.8,64,54,
Ahmedabad,2024-10-10,63,84.8,74.7,79.4,2024-10-10T01:04,2024-10-10T12:48,0.539,0.0,8.7,2678.3,,1002.7,78,100,
Ahmedabad,2024-10-11,51,87.0,76.8,81.6,2024-10-11T01:04,2024-10-11T12:47,0.008,0.0,10.8,13961.56,,1002.4,69,94,
Ahmedabad,2024-10-12,63,89.2,76.0,80.2,2024-10-12T01:05,2024-10-12T12:46,0.327,0.0,11.7,26538.97,,1002.8,82,58,
Ahmedabad,2024-10-13,63,88.4,76.1,81.2,2024-10-13T01:05,2024-10-13T12:45,0.598,0.0,10.7,34501.02,,1003.5,84,99,
Ahmedabad,2024-10-14,51,88.4,75.9,82.0,2024-10-14T01:06,2024-10-14T12:44,0.004,0.0,7.4,32974.55,,1003.8,80,57,
Ahmedabad,2024-10-15,53,91.2,76.8,83.3,2024-10-15T01:06,2024-10-15T12:43,0.02,0.0,6.1,36700.39,,1003.7,79,51,
Ahmedabad,2024-10-16,63,91.3,77.1,83.9,2024-10-16T01:06,2024-10-16T12:43,0.228,0.0,5.3,36818.66,,1002.7,77,24,
Ahmedabad,2024-10-17,3,92.4,76.3,83.0,2024-10-17T01:07,2024-10-17T12:42,0.0,0.0,6.6,36703.62,,1002.4,63,82,
Ahmedabad,2024-10-18,3,92.7,76.1,83.7,2024-10-18T01:07,2024-10-18T12:41,0.0,0.0,8.2,36590.17,,1002.6,68,78,
Ahmedabad,2024-10-19,63,90.2,75.9,82.3,2024-10-19T01:08,2024-10-19T12:40,0.335,0.0,11.7,36012.91,,1004.1,83,49,
Ahmedabad,2024-10-20,2,89.3,75.9,82.2,2024-10-20T01:08,2024-10-20T12:39,0.0,0.0,5.6,36255.54,,1005.2,79,12,
Ahmedabad,2024-10-21,63,87.6,72.4,80.4,2024-10-21T01:09,2024-10-21T12:39,0.638,0.0,8.0,36260.27,,1005.3,82,34,
Ahmedabad,2024-10-22,51,90.2,72.3,81.4,2024-10-22T01:09,2024-10-22T12:38,0.004,0.0,6.4,36597.22,,1005.4,73,6,
Ahmedabad,2024-10-23,1,92.0,73.9,82.2,2024-10-23T01:10,2024-10-23T12:37,0.0,0.0,6.5,36488.75,,1005.3,64,5,
Ahmedabad,2024-10-24,0,92.7,70.5,81.1,2024-10-24T01:10,2024-10-24T12:36,0.0,0.0,7.2,36707.91,,1004.9,57,0,
Ahmedabad,2024-10-25,3,92.4,68.8,79.5,2024-10-25T01:11,2024-10-25T12:36,0.0,0.0,6.9,36707.36,,1004.8,64,42,
Ahmedabad,2024-10-26,3,93.6,67.6,81.0,2024-10-26T01:11,2024-10-26T12:35,0.0,0.0,5.6,36706.47,,1004.3,62,45,
Ahmedabad,2024-10-27,3,96.2,69.5,82.9,2024-10-27T01:12,2024-10-27T12:34,0.0,0.0,6.4,36600.3,,1002.2,52,32,
Ahmedabad,2024-10-28,0,96.7,70.6,83.4,2024-10-28T01:12,2024-10-28T12:34,0.0,0.0,6.5,36599.92,,1001.0,58,0,
Ahmedabad,2024-10-29,0,98.2,72.4,85.1,2024-10-29T01:13,2024-10-29T12:33,0.0,0.0,7.9,36496.96,,1002.5,50,1,
Ahmedabad,2024-10-30,0,97.3,71.6,84.5,2024-10-30T01:13,2024-10-30T12:32,0.0,0.0,6.2,36396.39,,1004.4,46,0,
Ahmedabad,2024-10-31,0,96.6,71.7,83.7,2024-10-31T01:14,2024-10-31T12:32,0.0,0.0,6.9,36397.7,,1005.5,45,0,
Ahmedabad,2024-11-01,0,96.4,69.2,82.7,2024-11-01T01:14,2024-11-01T12:31,0.0,0.0,6.6,36398.63,,1006.7,46,0,
Ahmedabad,2024-11-02,0,94.5,67.9,81.5,2024-11-02T01:15,2024-11-02T12:30,0.0,0.0,5.5,36399.16,,1006.7,43,0,
Ahmedabad,2024-11-03,0,94.9,68.4,81.9,2024-11-03T01:15,2024-11-03T12:30,0.0,0.0,6.5,36304.7,,1006.6,48,0,
Ahmedabad,2024-11-04,0,94.8,71.2,82.1,2024-11-04T01:16,2024-11-04T12:29,0.0,0.0,5.6,36213.18,,1005.7,49,0,
Ahmedabad,2024-11-05,0,94.9,71.2,81.9,2024-11-05T01:17,2024-11-05T12:29,0.0,0.0,7.5,36215.89,,1006.9,48,0,
Ahmedabad,2024-11-06,0,94.0,71.5,81.4,2024-11-06T01:17,2024-11-06T12:28,0.0,0.0,7.0,36128.9,,1007.6,50,0,
Ahmedabad,2024-11-07,0,93.8,71.3,81.0,2024-11-07T01:18,2024-11-07T12:28,0.0,0.0,6.0,36132.72,,1007.1,55,0,
Ahmedabad,2024-11-08,0,93.7,70.9,81.3,2024-11-08T01:18,2024-11-08T12:27,0.0,0.0,6.1,36136.18,,1006.6,51,0,
Ahmedabad,2024-11-09,0,93.4,70.5,80.9,2024-11-09T01:19,2024-11-09T12:27,0.0,0.0,6.6,36055.8,,1006.9,50,0,
Ahmedabad,2024-11-10,0,93.6,70.6,80.2,2024-11-10T01:20,2024-11-10T12:26,0.0,0.0,7.8,36060.64,,1007.3,46,0,
Ahmedabad,2024-11-11,0,92.2,68.2,79.8,2024-11-11T01:20,2024-11-11T12:26,0.0,0.0,7.1,36000.0,,1007.0,48,0,
Ahmedabad,2024-11-12,0,92.1,68.0,82.2,2024-11-12T01:21,2024-11-12T12:26,0.0,0.0,7.2,36000.0,,1006.3,45,0,
Ahmedabad,2024-11-13,0,91.5,72.5,82.5,2024-11-13T01:22,2024-11-13T12:25,0.0,0.0,6.1,36000.0,,1005.4,42,0,
Ahmedabad,2024-11-14,2,91.3,71.2,81.7,2024-11-14T01:22,2024-11-14T12:25,0.0,0.0,6.2,36000.0,,1006.7,40,6,
Ahmedabad,2024-11-15,2,90.6,69.3,81.3,2024-11-15T01:23,2024-11-15T12:25,0.0,0.0,5.3,36000.0,,1006.8,38,5,
Ahmedabad,2024-11-16,0,90.5,70.7,80.9,2024-11-16T01:23,2024-11-16T12:24,0.0,0.0,6.0,36000.0,,1006.4,38,0,
Ahmedabad,2024-11-17,0,90.9,69.9,81.0,2024-11-17T01:24,2024-11-17T12:24,0.0,0.0,5.7,36000.0,,1006.7,36,0,
Ahmedabad,2024-11-18,0,89.6,69.5,80.0,2024-11-18T01:25,2024-11-18T12:24,0.0,0.0,6.4,36000.0,,1007.8,38,0,
Ahmedabad,2024-11-19,0,88.5,68.7,78.9,2024-11-19T01:25,2024-11-19T12:24,0.0,0.0,6.6,36000.0,,1008.5,41,0,
Ahmedabad,2024-11-20,0,87.2,68.4,77.7,2024-11-20T01:26,2024-11-20T12:23,0.0,0.0,6.7,36000.0,,1008.0,40,0,
Ahmedabad,2024-11-21,0,85.9,65.8,75.8,2024-11-21T01:27,2024-11-21T12:23,0.0,0.0,6.6,36000.0,,1007.8,36,0,
Ahmedabad,2024-11-22,0,84.6,63.5,74.7,2024-11-22T01:28,2024-11-22T12:23,0.0,0.0,6.7,36000.0,,1007.2,39,0,
Ahmedabad,2024-11-23,1,85.4,63.7,75.2,2024-11-23T01:28,2024-11-23T12:23,0.0,0.0,6.0,35991.18,,1007.8,43,3,
Ahmedabad,2024-11-24,3,86.1,64.3,76.0,2024-11-24T01:29,2024-11-24T12:23,0.0,0.0,6.4,35982.48,,1008.2,44,16,
Ahmedabad,2024-11-25,0,85.9,66.1,76.5,2024-11-25T01:30,2024-11-25T12:23,0.0,0.0,6.8,35975.27,,1008.5,39,0,
Ahmedabad,2024-11-26,0,86.8,64.6,76.8,2024-11-26T01:30,2024-11-26T12:23,0.0,0.0,6.1,35969.55,,1008.2,34,0,
Ahmedabad,2024-11-27,0,86.8,65.4,77.4,2024-11-27T01:31,2024-11-27T12:23,0.0,0.0,6.2,35965.38,,1007.3,34,0,
Ahmedabad,2024-11-28,0,86.7,65.2,76.6,2024-11-28T01:32,2024-11-28T12:23,0.0,0.0,6.1,35962.79,,1007.7,37,0,
Ahmedabad,2024-11-29,0,83.5,65.2,74.6,2024-11-29T01:32,2024-11-29T12:23,0.0,0.0,7.4,35961.98,,1008.3,38,0,
Ahmedabad,2024-11-30,0,82.2,63.0,73.1,2024-11-30T01:33,2024-11-30T12:23,0.0,0.0,7.9,35962.95,,1006.9,40,0,
Ahmedabad,2024-12-01,0,82.6,61.9,72.9,2024-12-01T01:34,2024-12-01T12:23,0.0,0.0,7.8,35965.62,,1004.8,39,0,
Ahmedabad,2024-12-02,0,84.7,62.7,74.9,2024-12-02T01:34,2024-12-02T12:23,0.0,0.0,8.0,35969.98,,1005.1,39,0,
Ahmedabad,2024-12-03,3,87.8,67.9,78.6,2024-12-03T01:35,2024-12-03T12:23,0.0,0.0,7.9,35975.94,,1006.6,42,52,
Ahmedabad,2024-12-04,3,88.3,69.7,79.0,2024-12-04T01:36,2024-12-04T12:23,0.0,0.0,7.7,35983.47,,1007.0,43,32,
Ahmedabad,2024-12-05,3,88.3,69.3,78.6,2024-12-05T01:36,2024-12-05T12:23,0.0,0.0,7.0,35954.85,,1007.0,38,57,
Ahmedabad,2024-12-06,3,86.4,65.7,75.7,2024-12-06T01:37,2024-12-06T12:24,0.0,0.0,6.0,35920.23,,1006.4,36,33,
Ahmedabad,2024-12-07,3,83.9,63.5,74.5,2024-12-07T01:38,2024-12-07T12:24,0.0,0.0,5.7,35878.45,,1005.6,39,39,
Ahmedabad,2024-12-08,0,83.2,62.2,72.3,2024-12-08T01:38,2024-12-08T12:24,0.0,0.0,7.4,35837.08,,1006.6,28,0,
Ahmedabad,2024-12-09,1,80.0,58.1,69.0,2024-12-09T01:39,2024-12-09T12:24,0.0,0.0,7.3,35796.25,,1009.1,24,6,
Ahmedabad,2024-12-10,3,77.7,57.8,67.9,2024-12-10T01:40,2024-12-10T12:25,0.0,0.0,7.9,35756.05,,1009.2,35,42,
Ahmedabad,2024-12-11,3,79.8,58.2,69.0,2024-12-11T01:40,2024-12-11T12:25,0.0,0.0,8.1,35716.6,,1008.3,36,18,
Ahmedabad,2024-12-12,3,80.4,58.7,69.3,2024-12-12T01:41,2024-12-12T12:25,0.0,0.0,8.5,35677.99,,1008.8,39,42,
Ahmedabad,2024-12-13,3,78.2,58.4,68.0,2024-12-13T01:41,2024-12-13T12:26,0.0,0.0,9.0,35640.33,,1010.4,32,57,
Ahmedabad,2024-12-14,0,79.3,57.1,68.5,2024-12-14T01:42,2024-12-14T12:26,0.0,0.0,9.0,35603.72,,1010.3,31,0,
Ahmedabad,2024-12-15,0,82.1,57.5,70.2,2024-12-15T01:43,2024-12-15T12:26,0.0,0.0,7.3,35568.27,,1010.0,33,0,
Ahmedabad,2024-12-16,0,83.4,58.7,71.0,2024-12-16T01:43,2024-12-16T12:27,0.0,0.0,7.3,35534.08,,1008.0,35,0,
Ahmedabad,2024-12-17,2,83.1,57.8,70.6,2024-12-17T01:44,2024-12-17T12:27,0.0,0.0,6.7,35501.25,,1007.0,38,4,
Ahmedabad,2024-12-18,0,84.3,60.7,72.6,2024-12-18T01:44,2024-12-18T12:27,0.0,0.0,6.9,35469.87,,1005.6,45,0,
Ahmedabad,2024-12-19,1,84.0,60.4,72.3,2024-12-19T01:45,2024-12-19T12:28,0.0,0.0,6.1,35439.31,,1005.3,45,4,
Ahmedabad,2024-12-20,3,81.2,60.2,70.2,2024-12-20T01:45,2024-12-20T12:28,0.0,0.0,6.1,35409.18,,1005.7,46,25,
Ahmedabad,2024-12-21,3,85.2,62.5,74.6,2024-12-21T01:46,2024-12-21T12:29,0.0,0.0,6.5,35379.57,,1005.7,47,7,
Ahmedabad,2024-12-22,3,81.7,65.7,73.4,2024-12-22T01:46,2024-12-22T12:29,0.0,0.0,7.4,31750.56,,1005.6,55,28,
Ahmedabad,2024-12-23,3,79.4,60.2,70.2,2024-12-23T01:47,2024-12-23T12:30,0.0,0.0,6.5,35322.24,,1006.8,46,5,
Ahmedabad,2024-12-24,0,78.6,57.7,68.6,2024-12-24T01:47,2024-12-24T12:30,0.0,0.0,7.0,35294.68,,1008.2,46,0,
Ahmedabad,2024-12-25,0,82.7,62.2,72.9,2024-12-25T01:48,2024-12-25T12:31,0.0,0.0,7.5,35267.95,,1008.9,60,5,
Ahmedabad,2024-12-26,51,85.0,67.2,75.3,2024-12-26T01:48,2024-12-26T12:31,0.004,0.0,7.3,35242.17,,1009.5,65,40,
Ahmedabad,2024-12-27,3,82.7,65.3,74.2,2024-12-27T01:48,2024-12-27T12:32,0.0,0.0,6.9,33427.66,,1009.6,64,21,
Ahmedabad,2024-12-28,0,80.0,62.9,70.6,2024-12-28T01:49,2024-12-28T12:33,0.0,0.0,7.3,35193.69,,1010.6,56,0,
Ahmedabad,2024-12-29,0,80.5,61.8,70.2,2024-12-29T01:49,2024-12-29T12:33,0.0,0.0,8.1,35171.16,,1011.5,55,1,
Ahmedabad,2024-12-30,0,80.5,59.6,69.8,2024-12-30T01:50,2024-12-30T12:34,0.0,0.0,7.7,35149.88,,1011.0,57,0,
Ahmedabad,2024-12-31,0,82.9,60.2,71.3,2024-12-31T01:50,2024-12-31T12:35,0.0,0.0,6.3,35129.91,,1010.8,58,0,
Denver,2024-01-01,3,30.3,49.6,19.7,2024-01-01T14:21,2024-01-01T23:45,0.0,0.0,5.2,28895.93,,838.1,57,30,
Denver,2024-01-02,3,30.3,44.4,19.9,2024-01-02T14:21,2024-01-02T23:46,0.0,0.0,7.8,28895.34,,838.8,62,20,
Denver,2024-01-03,3,27.4,43.5,18.1,2024-01-03T14:21,2024-01-03T23:47,0.0,0.0,7.5,29568.71,,835.9,58,8,
Denver,2024-01-04,71,27.2,34.3,20.5,2024-01-04T14:21,2024-01-04T23:48,0.0,0.028,6.1,11486.54,,833.3,65,92,
Denver,2024-01-05,3,28.9,40.1,20.8,2024-01-05T14:21,2024-01-05T23:49,0.0,0.0,6.0,26918.11,,832.3,68,80,
Denver,2024-01-06,73,26.7,37.1,18.7,2024-01-06T14:21,2024-01-06T23:50,0.0,0.22,9.2,28800.0,,831.6,58,46,
Denver,2024-01-07,3,24.3,33.8,17.5,2024-01-07T14:21,2024-01-07T23:51,0.0,0.0,7.9,27031.04,,825.1,48,92,
Denver,2024-01-08,71,25.6,29.3,21.1,2024-01-08T14:21,2024-01-08T23:52,0.0,0.276,21.5,26227.59,,828.4,53,83,
Denver,2024-01-09,3,24.6,40.8,16.9,2024-01-09T14:21,2024-01-09T23:53,0.0,0.0,9.8,28200.46,,829.4,40,40,
Denver,2024-01-10,71,30.2,36.2,24.3,2024-01-10T14:20,2024-01-10T23:54,0.0,0.11,24.2,29149.97,,821.4,41,63,
Denver,2024-01-11,3,24.7,30.3,21.3,2024-01-11T14:20,2024-01-11T23:55,0.0,0.0,15.4,20108.97,,820.9,50,88,
Denver,2024-01-12,3,18.0,34.7,6.6,2024-01-12T14:20,2024-01-12T23:56,0.0,0.0,14.8,28956.1,,826.5,46,52,
Denver,2024-01-13,73,7.3,28.6,-4.3,2024-01-13T14:20,2024-01-13T23:57,0.0,1.268,20.9,23659.08,,829.6,61,98,
Denver,2024-01-14,73,-6.6,-2.6,-11.0,2024-01-14T14:19,2024-01-14T23:58,0.0,0.661,7.8,19470.34,,833.3,70,99,
Denver,2024-01-15,73,-5.0,1.0,-11.8,2024-01-15T14:19,2024-01-15T23:59,0.0,1.295,14.9,12169.48,,835.7,78,97,
Denver,2024-01-16,3,-10.6,20.1,-34.0,2024-01-16T14:19,2024-01-17T00:00,0.0,0.0,10.4,30871.02,,829.8,63,29,
Denver,2024-01-17,3,16.2,33.4,1.0,2024-01-17T14:18,2024-01-18T00:01,0.0,0.0,8.5,23341.42,,822.9,67,91,
Denver,2024-01-18,3,23.9,41.5,14.1,2024-01-18T14:18,2024-01-19T00:02,0.0,0.0,13.5,28800.0,,827.2,76,63,
Denver,2024-01-19,3,14.2,21.7,8.4,2024-01-19T14:17,2024-01-20T00:03,0.0,0.0,8.1,29616.12,,844.9,81,92,
Denver,2024-01-20,3,19.0,32.5,12.3,2024-01-20T14:17,2024-01-21T00:04,0.0,0.0,4.3,25214.11,,837.9,86,92,
Denver,2024-01-21,3,27.9,40.1,18.1,2024-01-21T14:16,2024-01-22T00:06,0.0,0.0,7.6,14614.4,,827.5,79,98,
Denver,2024-01-22,3,29.3,43.0,19.8,2024-01-22T14:15,2024-01-23T00:07,0.0,0.0,7.2,30061.04,,828.5,80,64,
Denver,2024-01-23,3,28.2,39.8,16.8,2024-01-23T14:15,2024-01-24T00:08,0.0,0.0,6.8,28825.14,,831.0,76,37,
Denver,2024-01-24,3,29.1,45.1,18.1,2024-01-24T14:14,2024-01-25T00:09,0.0,0.0,6.3,31603.49,,832.2,70,48,
Denver,2024-01-25,3,29.6,45.9,19.9,2024-01-25T14:13,2024-01-26T00:10,0.0,0.0,4.8,31514.67,,833.0,67,45,
Denver,2024-01-26,73,32.4,35.9,27.4,2024-01-26T14:13,2024-01-27T00:11,0.012,1.488,6.5,10543.28,,838.4,80,96,
Denver,2024-01-27,3,23.8,39.0,12.2,2024-01-27T14:12,2024-01-28T00:13,0.0,0.0,8.1,32232.54,,841.6,76,18,
Denver,2024-01-28,1,28.3,52.6,17.3,2024-01-28T14:11,2024-01-29T00:14,0.0,0.0,7.2,32232.64,,841.3,67,2,
Denver,2024-01-29,51,33.1,54.3,23.1,2024-01-29T14:10,2024-01-30T00:15,0.004,0.0,7.9,31545.09,,842.5,70,40,
Denver,2024-01-30,0,34.8,53.5,22.4,2024-01-30T14:09,2024-01-31T00:16,0.0,0.0,6.0,32724.11,,841.6,68,0,
Denver,2024-01-31,3,34.6,55.8,21.6,2024-01-31T14:09,2024-02-01T00:17,0.0,0.0,5.7,31582.01,,837.1,60,24,
Denver,2024-02-01,3,38.8,56.2,27.1,2024-02-01T14:08,2024-02-02T00:19,0.0,0.0,6.3,30056.56,,831.9,59,51,
Denver,2024-02-02,3,34.7,53.3,23.8,2024-02-02T14:07,2024-02-03T00:20,0.0,0.0,10.1,27286.94,,825.5,68,71,
Denver,2024-02-03,75,34.9,43.1,32.5,2024-02-03T14:06,2024-02-04T00:21,0.315,6.614,10.8,3124.35,,822.1,88,99,
Denver,2024-02-04,75,24.6,33.4,12.1,2024-02-04T14:05,2024-02-05T00:22,0.028,2.535,5.4,30244.29,,830.2,85,45,
Denver,2024-02-05,3,13.7,33.3,-1.0,2024-02-05T14:04,2024-02-06T00:23,0.0,0.0,7.0,33719.51,,833.3,73,9,
Denver,2024-02-06,3,24.6,43.7,10.0,2024-02-06T14:03,2024-02-07T00:24,0.0,0.0,9.1,32531.94,,829.5,73,89,
Denver,2024-02-07,71,34.4,42.6,21.6,2024-02-07T14:02,2024-02-08T00:26,0.012,0.028,11.6,22848.89,,820.0,73,63,
Denver,2024-02-08,3,29.8,43.9,19.3,2024-02-08T14:01,2024-02-09T00:27,0.0,0.0,9.7,28644.27,,819.8,70,73,
Denver,2024-02-09,3,23.4,39.6,10.8,2024-02-09T13:59,2024-02-10T00:28,0.0,0.0,6.5,27431.04,,827.6,74,61,
Denver,2024-02-10,73,26.2,30.4,18.9,2024-02-10T13:58,2024-02-11T00:29,0.0,1.213,10.5,3600.0,,833.2,86,96,
Denver,2024-02-11,71,18.4,33.1,2.8,2024-02-11T13:57,2024-02-12T00:30,0.0,0.083,7.8,30874.56,,835.7,75,28,
Denver,2024-02-12,3,20.0,47.3,8.1,2024-02-12T13:56,2024-02-13T00:32,0.0,0.0,5.8,33013.59,,832.8,67,26,
Denver,2024-02-13,3,24.4,47.0,10.6,2024-02-13T13:55,2024-02-14T00:33,0.0,0.0,7.0,34629.1,,830.6,68,25,
Denver,2024-02-14,3,24.5,45.1,10.6,2024-02-14T13:53,2024-02-15T00:34,0.0,0.0,6.5,34710.63,,829.3,69,28,
Denver,2024-02-15,3,26.6,43.6,12.5,2024-02-15T13:52,2024-02-16T00:35,0.0,0.0,5.2,34787.67,,834.0,71,46,
Denver,2024-02-16,3,28.7,38.8,22.6,2024-02-16T13:51,2024-02-17T00:36,0.0,0.0,14.5,20242.1,,837.6,76,85,
Denver,2024-02-17,73,19.7,31.9,6.9,2024-02-17T13:50,2024-02-18T00:37,0.0,1.13,14.3,31057.44,,844.0,76,54,
Denver,2024-02-18,3,17.3,38.8,3.7,2024-02-18T13:48,2024-02-19T00:39,0.0,0.0,5.3,31511.84,,832.4,64,37,
Denver,2024-02-19,3,31.6,51.4,16.1,2024-02-19T13:47,2024-02-20T00:40,0.0,0.0,14.6,31513.75,,831.0,63,30,
Denver,2024-02-20,3,33.2,59.5,16.3,2024-02-20T13:46,2024-02-21T00:41,0.0,0.0,11.2,35222.58,,833.2,67,49,
Denver,2024-02-21,3,37.4,58.9,24.4,2024-02-21T13:44,2024-02-22T00:42,0.0,0.0,11.5,35279.74,,831.7,69,68,
Denver,2024-02-22,71,34.0,47.7,23.9,2024-02-22T13:43,2024-02-23T00:43,0.004,0.055,12.5,35860.61,,835.4,66,22,
Denver,2024-02-23,1,32.2,49.6,21.9,2024-02-23T13:42,2024-02-24T00:44,0.0,0.0,9.8,35791.61,,839.2,59,9,
Denver,2024-02-24,2,35.2,59.1,20.1,2024-02-24T13:40,2024-02-25T00:45,0.0,0.0,13.2,36332.79,,835.9,46,16,
Denver,2024-02-25,3,40.1,62.0,27.1,2024-02-25T13:39,2024-02-26T00:47,0.0,0.0,11.8,36445.42,,831.4,40,9,
Denver,2024-02-26,3,45.9,60.4,28.7,2024-02-26T13:37,2024-02-27T00:48,0.0,0.0,22.1,36751.82,,828.8,39,40,
Denver,2024-02-27,75,35.6,54.1,28.7,2024-02-27T13:36,2024-02-28T00:49,0.0,1.295,18.0,26266.27,,821.9,63,66,
Denver,2024-02-28,3,29.8,51.4,16.9,2024-02-28T13:34,2024-02-29T00:50,0.0,0.0,18.2,35939.87,,836.8,33,27,
Denver,2024-02-29,1,35.0,57.7,21.6,2024-02-29T13:33,2024-03-01T00:51,0.0,0.0,7.6,37208.62,,833.0,56,2,
Denver,2024-03-01,3,37.9,58.5,24.2,2024-03-01T13:31,2024-03-02T00:52,0.0,0.0,9.5,37511.68,,829.7,54,42,
Denver,2024-03-02,3,39.9,62.4,24.3,2024-03-02T13:30,2024-03-03T00:53,0.0,0.0,20.4,37580.0,,825.7,54,16,
Denver,2024-03-03,73,42.5,57.2,31.5,2024-03-03T13:28,2024-03-04T00:54,0.02,0.248,16.6,37647.92,,822.9,36,75,
Denver,2024-03-04,3,34.3,49.5,22.8,2024-03-04T13:27,2024-03-05T00:55,0.0,0.0,11.4,33281.99,,830.1,49,45,
Denver,2024-03-05,3,33.8,46.8,23.3,2024-03-05T13:25,2024-03-06T00:56,0.0,0.0,7.6,34182.58,,834.7,54,39,
Denver,2024-03-06,3,35.9,55.8,23.0,2024-03-06T13:24,2024-03-07T00:57,0.0,0.0,10.5,33852.73,,830.4,63,36,
Denver,2024-03-07,3,36.5,50.5,26.1,2024-03-07T13:22,2024-03-08T00:59,0.0,0.0,11.1,26733.25,,829.9,66,78,
Denver,2024-03-08,71,31.3,38.2,26.8,2024-03-08T13:21,2024-03-09T01:00,0.012,0.358,10.3,1905.95,,838.7,75,100,
Denver,2024-03-09,3,30.3,51.7,17.0,2024-03-09T13:19,2024-03-10T01:01,0.0,0.0,6.3,32637.75,,840.9,54,9,
Denver,2024-03-10,2,37.3,59.5,22.5,2024-03-10T13:17,2024-03-11T01:02,0.0,0.0,6.5,38515.15,,836.3,44,4,
Denver,2024-03-11,3,39.5,61.6,24.4,2024-03-11T13:16,2024-03-12T01:03,0.0,0.0,6.5,33223.09,,832.5,52,75,
Denver,2024-03-12,3,40.4,58.0,24.5,2024-03-12T13:14,2024-03-13T01:04,0.0,0.0,10.1,38017.43,,831.2,55,65,
Denver,2024-03-13,73,42.2,55.1,30.8,2024-03-13T13:13,2024-03-14T01:05,0.083,0.165,11.6,31370.59,,829.7,67,92,
Denver,2024-03-14,75,33.7,40.1,31.4,2024-03-14T13:11,2024-03-15T01:06,0.39,6.228,15.4,0.0,,836.5,94,100,
Denver,2024-03-15,73,32.2,37.9,27.4,2024-03-15T13:10,2024-03-16T01:07,0.004,1.764,11.3,28800.0,,843.9,91,95,
Denver,2024-03-16,3,23.4,41.3,5.1,2024-03-16T13:08,2024-03-17T01:08,0.0,0.0,7.0,38368.26,,836.5,80,38,
Denver,2024-03-17,3,31.3,40.8,18.1,2024-03-17T13:07,2024-03-18T01:09,0.0,0.0,7.4,38556.67,,839.3,78,63,
Denver,2024-03-18,3,28.8,51.0,14.0,2024-03-18T13:05,2024-03-19T01:10,0.0,0.0,5.7,38435.38,,839.9,77,30,
Denver,2024-03-19,0,35.8,56.9,20.2,2024-03-19T13:03,2024-03-20T01:11,0.0,0.0,5.8,40472.07,,836.4,61,0,
Denver,2024-03-20,2,36.0,55.7,21.2,2024-03-20T13:02,2024-03-21T01:12,0.0,0.0,5.1,40631.68,,834.4,68,5,
Denver,2024-03-21,1,40.9,62.6,23.7,2024-03-21T13:00,2024-03-22T01:13,0.0,0.0,7.0,40791.19,,832.8,60,3,
Denver,2024-03-22,3,44.5,60.3,26.2,2024-03-22T12:58,2024-03-23T01:14,0.0,0.0,13.5,40950.48,,837.3,53,34,
Denver,2024-03-23,3,42.6,64.1,25.3,2024-03-23T12:57,2024-03-24T01:15,0.0,0.0,10.3,38786.74,,832.3,61,56,
Denver,2024-03-24,71,40.6,57.7,26.8,2024-03-24T12:55,2024-03-25T01:16,0.106,0.028,16.8,38691.59,,818.3,68,71,
Denver,2024-03-25,75,26.7,41.5,19.2,2024-03-25T12:53,2024-03-26T01:17,0.075,2.067,18.8,21111.49,,825.7,68,100,
Denver,2024-03-26,3,25.2,43.4,12.6,2024-03-26T12:52,2024-03-27T01:18,0.0,0.0,8.4,38121.55,,828.4,60,64,
Denver,2024-03-27,3,33.1,49.4,18.4,2024-03-27T12:50,2024-03-28T01:19,0.0,0.0,7.2,37255.39,,833.1,52,52,
Denver,2024-03-28,3,35.7,58.9,20.6,2024-03-28T12:49,2024-03-29T01:20,0.0,0.0,9.7,41381.53,,833.1,56,62,
Denver,2024-03-29,73,38.8,55.0,27.8,2024-03-29T12:47,2024-03-30T01:21,0.0,0.138,8.5,35965.95,,828.8,64,77,
Denver,2024-03-30,53,39.6,57.3,27.5,2024-03-30T12:45,2024-03-31T01:22,0.024,0.0,10.7,35259.91,,832.5,81,85,
Denver,2024-03-31,3,41.5,62.8,26.5,2024-03-31T12:44,2024-04-01T01:23,0.0,0.0,8.5,40512.84,,826.4,72,42,
Denver,2024-04-01,61,42.7,60.3,33.4,2024-04-01T12:42,2024-04-02T01:24,0.102,0.0,9.1,36715.49,,828.9,75,90,
Denver,2024-04-02,73,39.5,55.5,25.3,2024-04-02T12:41,2024-04-03T01:25,0.106,0.193,11.3,39138.22,,838.6,70,25,
Denver,2024-04-03,3,48.6,66.2,33.2,2024-04-03T12:39,2024-04-04T01:26,0.0,0.0,9.0,42811.62,,839.3,44,19,
Denver,2024-04-04,3,48.2,71.6,28.3,2024-04-04T12:38,2024-04-05T01:27,0.0,0.0,8.5,42922.2,,834.7,52,14,
Denver,2024-04-05,3,52.7,72.1,34.3,2024-04-05T12:36,2024-04-06T01:28,0.0,0.0,19.4,42833.48,,829.7,43,68,
Denver,2024-04-06,71,47.6,68.1,41.7,2024-04-06T12:34,2024-04-07T01:29,0.02,0.165,38.5,15509.34,,821.1,35,81,
Denver,2024-04-07,3,42.4,54.6,34.5,2024-04-07T12:33,2024-04-08T01:30,0.0,0.0,46.9,39598.23,,825.6,28,58,
Denver,2024-04-08,2,39.8,54.7,23.6,2024-04-08T12:31,2024-04-09T01:31,0.0,0.0,21.0,43200.0,,833.2,43,18,
Denver,2024-04-09,2,42.6,59.5,26.6,2024-04-09T12:30,2024-04-10T01:32,0.0,0.0,6.3,43200.0,,836.8,43,11,
Denver,2024-04-10,3,47.0,58.6,34.8,2024-04-10T12:28,2024-04-11T01:33,0.0,0.0,9.4,43200.0,,838.1,40,41,
Denver,2024-04-11,3,46.4,58.9,35.2,2024-04-11T12:27,2024-04-12T01:34,0.0,0.0,11.5,43200.0,,842.2,50,36,
Denver,2024-04-12,2,50.3,74.5,31.9,2024-04-12T12:25,2024-04-13T01:35,0.0,0.0,7.1,43200.0,,838.4,45,6,
Denver,2024-04-13,51,58.8,75.1,40.0,2024-04-13T12:24,2024-04-14T01:36,0.016,0.0,9.9,43200.0,,837.2,35,59,
Denver,2024-04-14,2,57.4,79.9,36.3,2024-04-14T12:22,2024-04-15T01:37,0.0,0.0,11.2,42794.95,,836.9,38,7,
Denver,2024-04-15,3,58.1,78.4,37.4,2024-04-15T12:21,2024-04-16T01:38,0.0,0.0,21.1,43324.01,,828.9,26,10,
Denver,2024-04-16,71,52.2,65.1,41.7,2024-04-16T12:19,2024-04-17T01:39,0.071,0.028,25.2,31404.55,,829.3,45,73,
Denver,2024-04-17,3,54.4,70.4,40.8,2024-04-17T12:18,2024-04-18T01:40,0.0,0.0,17.1,39772.25,,834.7,38,50,
Denver,2024-04-18,71,41.2,71.0,33.5,2024-04-18T12:16,2024-04-19T01:41,0.0,0.055,18.1,18245.61,,841.6,60,83,
Denver,2024-04-19,51,36.9,45.1,32.4,2024-04-19T12:15,2024-04-20T01:42,0.008,0.0,12.0,8120.4,,842.7,66,98,
Denver,2024-04-20,75,35.5,42.8,31.8,2024-04-20T12:13,2024-04-21T01:43,0.035,1.571,11.1,18939.3,,845.0,79,98,
Denver,2024-04-21,3,39.3,64.0,27.9,2024-04-21T12:12,2024-04-22T01:44,0.0,0.0,8.8,35928.67,,845.9,72,54,
Denver,2024-04-22,3,54.4,76.3,36.5,2024-04-22T12:11,2024-04-23T01:45,0.0,0.0,14.9,44193.22,,835.3,46,73,
Denver,2024-04-23,51,52.2,72.0,40.3,2024-04-23T12:09,2024-04-24T01:46,0.008,0.0,11.3,43924.08,,837.6,43,63,
Denver,2024-04-24,51,53.9,73.6,36.2,2024-04-24T12:08,2024-04-25T01:47,0.012,0.0,11.7,43410.76,,839.4,58,29,
Denver,2024-04-25,53,55.5,72.2,37.9,2024-04-25T12:07,2024-04-26T01:48,0.039,0.0,9.7,43078.95,,832.2,55,25,
Denver,2024-04-26,53,54.7,64.8,45.4,2024-04-26T12:05,2024-04-27T01:49,0.091,0.0,11.1,38813.62,,826.9,61,82,
Denver,2024-04-27,75,43.5,60.4,36.1,2024-04-27T12:04,2024-04-28T01:50,1.346,1.157,11.9,3341.42,,831.2,87,100,
Denver,2024-04-28,55,43.1,58.3,33.3,2024-04-28T12:03,2024-04-29T01:51,0.185,0.0,9.4,28800.0,,834.7,78,64,
Denver,2024-04-29,3,49.3,67.4,33.6,2024-04-29T12:02,2024-04-30T01:52,0.0,0.0,8.5,44564.97,,834.6,56,63,
Denver,2024-04-30,3,52.8,72.4,36.2,2024-04-30T12:00,2024-05-01T01:53,0.0,0.0,8.0,45978.01,,832.0,49,8,
Denver,2024-05-01,51,53.7,71.8,38.1,2024-05-01T11:59,2024-05-02T01:54,0.004,0.0,20.7,45975.65,,833.0,50,38,
Denver,2024-05-02,55,48.6,61.7,36.4,2024-05-02T11:58,2024-05-03T01:55,0.067,0.0,13.1,45231.8,,834.5,62,33,
Denver,2024-05-03,3,53.7,73.5,37.4,2024-05-03T11:57,2024-05-04T01:56,0.0,0.0,19.6,46490.32,,833.6,47,51,
Denver,2024-05-04,3,47.6,64.9,35.2,2024-05-04T11:55,2024-05-05T01:57,0.0,0.0,18.1,45335.47,,840.2,52,43,
Denver,2024-05-05,3,54.9,77.0,35.8,2024-05-05T11:54,2024-05-06T01:58,0.0,0.0,18.5,33154.64,,832.2,48,57,
Denver,2024-05-06,51,56.9,75.2,48.0,2024-05-06T11:53,2024-05-07T01:59,0.012,0.0,37.2,47109.59,,823.7,26,55,
Denver,2024-05-07,51,49.3,60.4,39.3,2024-05-07T11:52,2024-05-08T02:00,0.004,0.0,12.8,41906.99,,826.3,32,54,
Denver,2024-05-08,2,46.5,57.7,34.2,2024-05-08T11:51,2024-05-09T02:01,0.0,0.0,13.7,47269.12,,829.7,33,24,
Denver,2024-05-09,51,46.4,55.4,39.6,2024-05-09T11:50,2024-05-10T02:02,0.031,0.0,12.6,37076.9,,838.9,45,91,
Denver,2024-05-10,53,47.8,56.3,43.1,2024-05-10T11:49,2024-05-11T02:03,0.118,0.0,12.5,26903.09,,845.6,68,93,
Denver,2024-05-11,3,48.6,66.2,33.6,2024-05-11T11:48,2024-05-12T02:04,0.0,0.0,7.6,41318.65,,839.4,63,58,
Denver,2024-05-12,63,50.9,63.5,44.4,2024-05-12T11:47,2024-05-13T02:05,0.764,0.0,13.0,17600.0,,835.0,79,95,
Denver,2024-05-13,51,54.4,72.2,37.2,2024-05-13T11:46,2024-05-14T02:06,0.012,0.0,8.6,47763.79,,836.5,57,29,
Denver,2024-05-14,51,59.4,79.0,43.2,2024-05-14T11:45,2024-05-15T02:07,0.004,0.0,14.4,41901.25,,835.0,50,57,
Denver,2024-05-15,53,56.4,69.0,43.2,2024-05-15T11:44,2024-05-16T02:08,0.039,0.0,12.6,45551.64,,837.3,61,66,
Denver,2024-05-16,61,55.2,72.8,40.4,2024-05-16T11:43,2024-05-17T02:09,0.055,0.0,9.2,45970.09,,837.6,66,47,
Denver,2024-05-17,2,62.9,82.2,44.6,2024-05-17T11:42,2024-05-18T02:10,0.0,0.0,14.2,48554.56,,833.4,37,6,
Denver,2024-05-18,55,61.7,78.5,44.9,2024-05-18T11:42,2024-05-19T02:11,0.047,0.0,19.2,48651.2,,836.2,40,19,
Denver,2024-05-19,51,64.3,80.7,47.4,2024-05-19T11:41,2024-05-20T02:11,0.016,0.0,17.3,39489.56,,836.5,43,59,
Denver,2024-05-20,55,60.3,78.9,46.9,2024-05-20T11:40,2024-05-21T02:12,0.047,0.0,15.6,48021.57,,835.8,53,25,
Denver,2024-05-21,63,52.5,68.7,44.6,2024-05-21T11:39,2024-05-22T02:13,0.539,0.0,21.7,38985.41,,833.8,69,81,
Denver,2024-05-22,53,51.3,73.5,33.6,2024-05-22T11:39,2024-05-23T02:14,0.02,0.0,18.7,49017.58,,836.6,55,30,
Denver,2024-05-23,2,59.2,78.4,39.6,2024-05-23T11:38,2024-05-24T02:15,0.0,0.0,15.3,49103.65,,830.0,37,13,
Denver,2024-05-24,3,56.3,73.7,39.8,2024-05-24T11:37,2024-05-25T02:16,0.0,0.0,16.4,49187.28,,834.7,34,27,
Denver,2024-05-25,3,58.7,71.2,41.7,2024-05-25T11:37,2024-05-26T02:17,0.0,0.0,13.0,42816.93,,831.3,42,56,
Denver,2024-05-26,61,57.5,75.2,43.5,2024-05-26T11:36,2024-05-27T02:17,0.106,0.0,15.7,42849.42,,834.4,58,47,
Denver,2024-05-27,2,60.9,77.5,43.3,2024-05-27T11:36,2024-05-28T02:18,0.0,0.0,13.1,49422.62,,841.4,39,14,
Denver,2024-05-28,2,64.6,80.8,47.0,2024-05-28T11:35,2024-05-29T02:19,0.0,0.0,9.7,49495.51,,845.3,36,14,
Denver,2024-05-29,3,68.2,86.8,49.8,2024-05-29T11:34,2024-05-30T02:20,0.0,0.0,14.9,49565.46,,842.0,36,40,
Denver,2024-05-30,3,66.5,82.6,50.8,2024-05-30T11:34,2024-05-31T02:20,0.0,0.0,12.4,49632.34,,839.2,34,31,
Denver,2024-05-31,53,60.9,75.3,52.2,2024-05-31T11:34,2024-06-01T02:21,0.028,0.0,14.9,37873.7,,841.9,62,57,
Denver,2024-06-01,3,66.2,86.2,47.4,2024-06-01T11:33,2024-06-02T02:22,0.0,0.0,10.0,49756.47,,839.5,41,48,
Denver,2024-06-02,3,68.5,85.7,49.4,2024-06-02T11:33,2024-06-03T02:23,0.0,0.0,9.1,49813.94,,835.8,35,37,
Denver,2024-06-03,3,69.0,87.9,50.7,2024-06-03T11:32,2024-06-04T02:23,0.0,0.0,19.2,42111.61,,835.1,38,47,
Denver,2024-06-04,3,72.5,82.6,57.7,2024-06-04T11:32,2024-06-05T02:24,0.0,0.0,19.3,39459.99,,835.7,31,92,
Denver,2024-06-05,0,72.2,90.9,52.3,2024-06-05T11:32,2024-06-06T02:24,0.0,0.0,15.0,49970.52,,839.7,31,1,
Denver,2024-06-06,1,73.1,88.8,57.4,2024-06-06T11:32,2024-06-07T02:25,0.0,0.0,14.0,50017.27,,843.1,35,3,
Denver,2024-06-07,2,78.9,95.5,60.6,2024-06-07T11:32,2024-06-08T02:26,0.0,0.0,14.6,50061.25,,840.6,27,13,
Denver,2024-06-08,53,74.3,92.0,59.8,2024-06-08T11:31,2024-06-09T02:26,0.055,0.0,22.0,50102.39,,840.2,38,54,
Denver,2024-06-09,53,67.1,80.2,56.4,2024-06-09T11:31,2024-06-10T02:27,0.043,0.0,8.7,45382.29,,843.0,69,50,
Denver,2024-06-10,51,68.5,84.6,55.5,2024-06-10T11:31,2024-06-11T02:27,0.012,0.0,5.7,39962.18,,841.4,64,100,
Denver,2024-06-11,53,71.0,84.5,57.8,2024-06-11T11:31,2024-06-12T02:28,0.055,0.0,12.2,47951.98,,842.0,49,31,
Denver,2024-06-12,3,74.2,93.2,56.4,2024-06-12T11:31,2024-06-13T02:28,0.0,0.0,12.2,48225.34,,841.0,41,18,
Denver,2024-06-13,3,76.3,92.8,57.7,2024-06-13T11:31,2024-06-14T02:29,0.0,0.0,15.4,50264.0,,841.9,33,24,
Denver,2024-06-14,51,73.8,89.2,60.3,2024-06-14T11:31,2024-06-15T02:29,0.004,0.0,13.7,46521.26,,843.7,47,52,
Denver,2024-06-15,3,73.5,87.6,58.5,2024-06-15T11:31,2024-06-16T02:30,0.0,0.0,14.3,45030.95,,839.1,34,32,
Denver,2024-06-16,2,71.8,88.3,55.2,2024-06-16T11:31,2024-06-17T02:30,0.0,0.0,14.8,50308.23,,835.2,40,22,
Denver,2024-06-17,3,71.5,89.9,55.7,2024-06-17T11:31,2024-06-18T02:30,0.0,0.0,14.5,45588.68,,832.0,56,24,
Denver,2024-06-18,1,67.7,87.5,57.0,2024-06-18T11:31,2024-06-19T02:31,0.0,0.0,11.9,50294.02,,831.9,34,16,
Denver,2024-06-19,3,64.4,79.3,52.6,2024-06-19T11:32,2024-06-20T02:31,0.0,0.0,13.8,36899.83,,843.8,38,60,
Denver,2024-06-20,51,71.3,91.9,56.6,2024-06-20T11:32,2024-06-21T02:31,0.016,0.0,20.4,46674.34,,844.1,50,64,
Denver,2024-06-21,51,72.2,85.8,61.1,2024-06-21T11:32,2024-06-22T02:31,0.024,0.0,13.3,38777.2,,843.5,61,73,
Denver,2024-06-22,3,75.0,90.2,56.0,2024-06-22T11:32,2024-06-23T02:31,0.0,0.0,10.9,46648.59,,843.9,38,37,
Denver,2024-06-23,3,76.0,93.7,57.7,2024-06-23T11:32,2024-06-24T02:31,0.0,0.0,9.2,50186.89,,844.2,36,18,
Denver,2024-06-24,2,79.5,95.4,60.8,2024-06-24T11:33,2024-06-25T02:32,0.0,0.0,13.8,50215.09,,841.5,29,18,
Denver,2024-06-25,3,79.7,95.6,61.2,2024-06-25T11:33,2024-06-26T02:32,0.0,0.0,13.2,49379.74,,842.5,29,30,
Denver,2024-06-26,3,77.0,90.6,64.8,2024-06-26T11:33,2024-06-27T02:32,0.0,0.0,11.2,49171.02,,844.8,37,36,
Denver,2024-06-27,51,75.7,96.0,62.2,2024-06-27T11:34,2024-06-28T02:32,0.004,0.0,14.7,33344.38,,840.2,51,73,
Denver,2024-06-28,51,79.1,94.1,62.6,2024-06-28T11:34,2024-06-29T02:32,0.031,0.0,22.6,39261.48,,837.2,34,55,
Denver,2024-06-29,3,74.1,91.0,61.0,2024-06-29T11:35,2024-06-30T02:32,0.0,0.0,15.2,42209.01,,845.8,34,46,
Denver,2024-06-30,51,76.5,91.4,64.6,2024-06-30T11:35,2024-07-01T02:32,0.004,0.0,8.7,50073.97,,847.3,45,64,
Denver,2024-07-01,3,79.1,88.2,68.5,2024-07-01T11:36,2024-07-02T02:31,0.0,0.0,10.1,35229.78,,842.2,39,80,
Denver,2024-07-02,3,73.2,88.7,61.5,2024-07-02T11:36,2024-07-03T02:31,0.0,0.0,13.7,50015.61,,841.0,47,25,
Denver,2024-07-03,2,74.2,93.5,56.5,2024-07-03T11:37,2024-07-04T02:31,0.0,0.0,11.1,49984.68,,841.8,35,10,
Denver,2024-07-04,1,71.6,90.0,55.9,2024-07-04T11:37,2024-07-05T02:31,0.0,0.0,17.8,49952.71,,844.9,33,5,
Denver,2024-07-05,1,69.4,80.5,58.4,2024-07-05T11:38,2024-07-06T02:31,0.0,0.0,13.2,49919.77,,847.7,33,7,
Denver,2024-07-06,2,73.1,90.0,55.7,2024-07-06T11:39,2024-07-07T02:30,0.0,0.0,9.2,49885.95,,843.1,25,13,
Denver,2024-07-07,51,70.3,88.5,58.9,2024-07-07T11:39,2024-07-08T02:30,0.004,0.0,14.7,39600.0,,843.1,33,42,
Denver,2024-07-08,51,64.8,82.0,51.1,2024-07-08T11:40,2024-07-09T02:30,0.012,0.0,9.0,46216.0,,845.7,54,11,
Denver,2024-07-09,3,71.9,88.9,53.9,2024-07-09T11:41,2024-07-10T02:29,0.0,0.0,12.7,49780.06,,844.6,34,14,
Denver,2024-07-10,3,73.0,91.9,54.1,2024-07-10T11:41,2024-07-11T02:29,0.0,0.0,13.3,49385.62,,846.0,36,18,
Denver,2024-07-11,3,77.0,94.6,57.9,2024-07-11T11:42,2024-07-12T02:29,0.0,0.0,12.6,47766.8,,845.5,29,26,
Denver,2024-07-12,3,81.1,100.3,59.9,2024-07-12T11:43,2024-07-13T02:28,0.0,0.0,17.9,49644.27,,843.9,24,14,
Denver,2024-07-13,2,80.5,99.0,59.3,2024-07-13T11:43,2024-07-14T02:28,0.0,0.0,11.9,49578.5,,845.6,21,12,
Denver,2024-07-14,3,81.3,96.6,61.1,2024-07-14T11:44,2024-07-15T02:27,0.0,0.0,16.1,47567.13,,846.5,24,52,
Denver,2024-07-15,3,81.2,94.6,65.0,2024-07-15T11:45,2024-07-16T02:26,0.0,0.0,16.6,45151.74,,845.2,28,64,
Denver,2024-07-16,55,75.1,89.2,62.7,2024-07-16T11:46,2024-07-17T02:26,0.067,0.0,13.1,39600.0,,845.6,44,65,
Denver,2024-07-17,53,74.0,90.0,60.4,2024-07-17T11:46,2024-07-18T02:25,0.035,0.0,9.8,44154.08,,847.6,38,38,
Denver,2024-07-18,53,69.7,87.2,56.9,2024-07-18T11:47,2024-07-19T02:25,0.035,0.0,21.7,48881.55,,848.3,64,30,
Denver,2024-07-19,3,75.2,89.3,59.5,2024-07-19T11:48,2024-07-20T02:24,0.0,0.0,16.3,48966.44,,846.1,41,58,
Denver,2024-07-20,53,71.1,87.1,56.3,2024-07-20T11:49,2024-07-21T02:23,0.047,0.0,12.4,45597.21,,848.0,55,43,
Denver,2024-07-21,63,66.7,78.1,56.2,2024-07-21T11:50,2024-07-22T02:22,0.386,0.0,12.1,42204.68,,849.4,70,49,
Denver,2024-07-22,51,68.6,84.0,54.8,2024-07-22T11:51,2024-07-23T02:22,0.008,0.0,8.4,48861.83,,847.6,52,10,
Denver,2024-07-23,51,71.5,88.3,54.6,2024-07-23T11:51,2024-07-24T02:21,0.008,0.0,12.5,48770.31,,846.5,45,9,
Denver,2024-07-24,3,75.5,93.0,55.9,2024-07-24T11:52,2024-07-25T02:20,0.0,0.0,9.2,48676.8,,847.9,34,19,
Denver,2024-07-25,2,78.5,97.6,58.3,2024-07-25T11:53,2024-07-26T02:19,0.0,0.0,12.2,48581.4,,848.1,32,7,
Denver,2024-07-26,3,80.5,96.2,64.5,2024-07-26T11:54,2024-07-27T02:18,0.0,0.0,17.3,47222.4,,844.3,28,70,
Denver,2024-07-27,51,74.3,91.3,57.8,2024-07-27T11:55,2024-07-28T02:17,0.016,0.0,14.9,39163.97,,841.1,53,41,
Denver,2024-07-28,1,78.1,96.0,60.1,2024-07-28T11:56,2024-07-29T02:16,0.0,0.0,12.1,46040.3,,840.0,37,12,
Denver,2024-07-29,3,77.4,97.0,56.9,2024-07-29T11:57,2024-07-30T02:15,0.0,0.0,10.6,45640.92,,841.2,29,16,
Denver,2024-07-30,3,78.9,97.5,57.0,2024-07-30T11:58,2024-07-31T02:14,0.0,0.0,16.4,47123.39,,840.5,21,19,
Denver,2024-07-31,2,79.0,95.9,58.3,2024-07-31T11:58,2024-08-01T02:13,0.0,0.0,11.6,47974.77,,842.0,22,12,
Denver,2024-08-01,2,79.6,98.2,59.1,2024-08-01T11:59,2024-08-02T02:12,0.0,0.0,8.4,47867.82,,847.7,24,5,
Denver,2024-08-02,53,80.0,96.7,61.7,2024-08-02T12:00,2024-08-03T02:11,0.035,0.0,9.3,47758.49,,849.4,32,14,
Denver,2024-08-03,2,79.7,95.5,62.9,2024-08-03T12:01,2024-08-04T02:10,0.0,0.0,18.9,47646.88,,848.4,33,9,
Denver,2024-08-04,51,82.5,100.6,64.7,2024-08-04T12:02,2024-08-05T02:09,0.008,0.0,20.2,41914.1,,845.6,26,48,
Denver,2024-08-05,3,81.4,95.2,66.7,2024-08-05T12:03,2024-08-06T02:08,0.0,0.0,12.0,37444.15,,846.3,35,57,
Denver,2024-08-06,61,75.2,93.3,62.9,2024-08-06T12:04,2024-08-07T02:07,0.165,0.0,12.4,39944.83,,848.7,62,82,
Denver,2024-08-07,51,79.7,93.3,64.7,2024-08-07T12:05,2024-08-08T02:06,0.008,0.0,12.3,46034.62,,845.0,36,46,
Denver,2024-08-08,53,70.7,80.5,62.5,2024-08-08T12:06,2024-08-09T02:04,0.063,0.0,12.2,21144.28,,846.8,62,81,
Denver,2024-08-09,61,65.3,74.6,59.4,2024-08-09T12:07,2024-08-10T02:03,0.091,0.0,13.0,21172.69,,847.4,67,95,
Denver,2024-08-10,55,66.3,83.2,55.9,2024-08-10T12:08,2024-08-11T02:02,0.047,0.0,9.2,33502.45,,846.8,69,71,
Denver,2024-08-11,51,70.5,90.2,58.2,2024-08-11T12:09,2024-08-12T02:01,0.004,0.0,14.7,22553.86,,844.8,60,73,
Denver,2024-08-12,51,74.6,86.2,62.7,2024-08-12T12:10,2024-08-13T01:59,0.012,0.0,12.5,43868.83,,845.5,46,58,
Denver,2024-08-13,51,72.2,83.8,59.2,2024-08-13T12:11,2024-08-14T01:58,0.02,0.0,11.8,39801.12,,843.1,56,43,
Denver,2024-08-14,63,70.0,86.2,55.3,2024-08-14T12:12,2024-08-15T01:57,0.209,0.0,12.0,40248.71,,842.3,62,35,
Denver,2024-08-15,61,69.5,85.1,55.0,2024-08-15T12:13,2024-08-16T01:55,0.051,0.0,13.0,44027.95,,845.4,51,28,
Denver,2024-08-16,1,71.7,91.2,55.9,2024-08-16T12:13,2024-08-17T01:54,0.0,0.0,10.0,45266.34,,844.9,54,14,
Denver,2024-08-17,3,76.4,95.7,55.3,2024-08-17T12:14,2024-08-18T01:53,0.0,0.0,8.7,45515.73,,844.4,33,28,
Denver,2024-08-18,3,78.2,94.8,61.9,2024-08-18T12:15,2024-08-19T01:51,0.0,0.0,12.5,39766.8,,845.3,35,53,
Denver,2024-08-19,51,75.5,91.0,61.5,2024-08-19T12:16,2024-08-20T01:50,0.004,0.0,19.6,34696.26,,847.0,46,74,
Denver,2024-08-20,55,73.6,95.1,58.5,2024-08-20T12:17,2024-08-21T01:48,0.071,0.0,7.9,36471.19,,847.0,60,14,
Denver,2024-08-21,51,75.7,93.8,59.7,2024-08-21T12:18,2024-08-22T01:47,0.024,0.0,11.9,23653.03,,844.9,40,49,
Denver,2024-08-22,63,74.4,86.5,64.9,2024-08-22T12:19,2024-08-23T01:45,0.134,0.0,23.8,22996.64,,844.7,47,94,
Denver,2024-08-23,51,70.5,85.6,58.5,2024-08-23T12:20,2024-08-24T01:44,0.012,0.0,11.9,37731.93,,843.5,62,41,
Denver,2024-08-24,51,75.4,92.2,60.6,2024-08-24T12:21,2024-08-25T01:43,0.004,0.0,21.1,43536.98,,843.6,42,66,
Denver,2024-08-25,3,77.4,92.8,64.0,2024-08-25T12:22,2024-08-26T01:41,0.0,0.0,11.7,41157.47,,845.3,35,71,
Denver,2024-08-26,51,72.7,87.6,61.3,2024-08-26T12:23,2024-08-27T01:40,0.039,0.0,12.9,32001.7,,848.6,52,97,
Denver,2024-08-27,3,71.8,87.4,56.7,2024-08-27T12:24,2024-08-28T01:38,0.0,0.0,9.4,43469.34,,848.5,38,12,
Denver,2024-08-28,2,73.7,92.4,54.5,2024-08-28T12:25,2024-08-29T01:36,0.0,0.0,11.6,43333.12,,844.1,35,16,
Denver,2024-08-29,3,75.5,91.0,61.5,2024-08-29T12:26,2024-08-30T01:35,0.0,0.0,8.6,43200.0,,843.2,25,63,
Denver,2024-08-30,1,70.4,87.1,54.1,2024-08-30T12:27,2024-08-31T01:33,0.0,0.0,9.2,43239.0,,848.6,37,3,
Denver,2024-08-31,0,71.2,89.0,53.3,2024-08-31T12:28,2024-09-01T01:32,0.0,0.0,8.9,43202.09,,847.5,37,0,
Denver,2024-09-01,1,72.3,87.9,53.2,2024-09-01T12:28,2024-09-02T01:30,0.0,0.0,8.6,43203.39,,848.8,31,2,
Denver,2024-09-02,3,72.5,88.7,54.4,2024-09-02T12:29,2024-09-03T01:29,0.0,0.0,13.2,43200.0,,847.5,23,10,
Denver,2024-09-03,2,73.0,91.5,55.3,2024-09-03T12:30,2024-09-04T01:27,0.0,0.0,14.9,42973.93,,844.7,31,11,
Denver,2024-09-04,3,71.9,88.7,56.2,2024-09-04T12:31,2024-09-05T01:25,0.0,0.0,11.2,43166.95,,845.9,36,31,
Denver,2024-09-05,61,64.1,75.5,55.6,2024-09-05T12:32,2024-09-06T01:24,0.161,0.0,14.9,38041.46,,852.5,67,70,
Denver,2024-09-06,3,64.6,82.2,49.3,2024-09-06T12:33,2024-09-07T01:22,0.0,0.0,5.5,42364.59,,851.3,56,7,
Denver,2024-09-07,1,67.0,85.2,49.8,2024-09-07T12:34,2024-09-08T01:21,0.0,0.0,7.3,42935.33,,846.6,46,10,
Denver,2024-09-08,3,68.8,87.0,50.9,2024-09-08T12:35,2024-09-09T01:19,0.0,0.0,5.9,42787.01,,843.7,40,20,
Denver,2024-09-09,3,70.5,87.9,54.2,2024-09-09T12:36,2024-09-10T01:17,0.0,0.0,19.3,40348.3,,843.1,36,30,
Denver,2024-09-10,3,71.2,87.3,55.0,2024-09-10T12:37,2024-09-11T01:16,0.0,0.0,16.3,36866.62,,842.4,37,46,
Denver,2024-09-11,3,70.1,84.9,54.7,2024-09-11T12:38,2024-09-12T01:14,0.0,0.0,14.8,37089.71,,839.0,37,72,
Denver,2024-09-12,3,70.2,90.6,53.3,2024-09-12T12:39,2024-09-13T01:13,0.0,0.0,19.0,39296.98,,833.7,41,35,
Denver,2024-09-13,2,67.8,87.6,51.2,2024-09-13T12:40,2024-09-14T01:11,0.0,0.0,10.5,42036.71,,836.8,31,14,
Denver,2024-09-14,3,67.5,89.1,50.7,2024-09-14T12:41,2024-09-15T01:09,0.0,0.0,9.1,41883.7,,841.1,44,14,
Denver,2024-09-15,3,69.3,87.4,51.9,2024-09-15T12:41,2024-09-16T01:08,0.0,0.0,13.9,34662.26,,840.0,33,25,
Denver,2024-09-16,3,66.6,84.1,50.5,2024-09-16T12:42,2024-09-17T01:06,0.0,0.0,14.5,38163.93,,838.6,53,30,
Denver,2024-09-17,3,70.2,87.1,54.4,2024-09-17T12:43,2024-09-18T01:04,0.0,0.0,20.2,40062.4,,836.4,40,14,
Denver,2024-09-18,1,64.2,82.4,46.9,2024-09-18T12:44,2024-09-19T01:03,0.0,0.0,11.5,41264.53,,834.6,47,2,
Denver,2024-09-19,2,64.0,85.9,45.6,2024-09-19T12:45,2024-09-20T01:01,0.0,0.0,17.2,41108.41,,837.8,32,6,
Denver,2024-09-20,3,66.6,88.9,51.7,2024-09-20T12:46,2024-09-21T00:59,0.0,0.0,14.0,36888.34,,837.9,36,78,
Denver,2024-09-21,3,62.1,82.8,48.1,2024-09-21T12:47,2024-09-22T00:58,0.0,0.0,11.7,40795.2,,838.9,35,18,
Denver,2024-09-22,61,54.3,66.3,47.4,2024-09-22T12:48,2024-09-23T00:56,0.488,0.0,10.3,22107.55,,845.0,69,92,
Denver,2024-09-23,3,57.3,76.8,42.5,2024-09-23T12:49,2024-09-24T00:54,0.0,0.0,7.9,40481.36,,840.0,58,8,
Denver,2024-09-24,3,61.2,74.8,46.9,2024-09-24T12:50,2024-09-25T00:53,0.0,0.0,9.0,38625.16,,841.0,44,71,
Denver,2024-09-25,0,62.6,84.9,45.2,2024-09-25T12:51,2024-09-26T00:51,0.0,0.0,5.6,40167.6,,842.6,53,0,
Denver,2024-09-26,2,67.8,89.7,49.6,2024-09-26T12:52,2024-09-27T00:49,0.0,0.0,10.2,40010.98,,840.1,43,12,
Denver,2024-09-27,2,68.5,85.4,52.6,2024-09-27T12:53,2024-09-28T00:48,0.0,0.0,8.3,39639.45,,843.6,37,13,
Denver,2024-09-28,0,68.3,88.6,48.8,2024-09-28T12:54,2024-09-29T00:46,0.0,0.0,8.0,39542.34,,845.7,36,2,
Denver,2024-09-29,1,71.6,89.7,53.3,2024-09-29T12:55,2024-09-30T00:45,0.0,0.0,11.3,39250.59,,845.0,28,6,
Denver,2024-09-30,2,69.0,87.4,53.0,2024-09-30T12:56,2024-10-01T00:43,0.0,0.0,18.2,38885.21,,842.1,30,6,
Denver,2024-10-01,3,57.6,72.9,44.4,2024-10-01T12:57,2024-10-02T00:41,0.0,0.0,9.5,38800.88,,849.4,31,24,
Denver,2024-10-02,3,64.3,87.1,46.4,2024-10-02T12:58,2024-10-03T00:40,0.0,0.0,8.3,38555.55,,840.9,30,21,
Denver,2024-10-03,0,62.5,80.2,51.4,2024-10-03T12:59,2024-10-04T00:38,0.0,0.0,10.0,38474.36,,839.8,26,0,
Denver,2024-10-04,2,59.1,84.3,43.2,2024-10-04T13:00,2024-10-05T00:37,0.0,0.0,9.8,38258.21,,845.4,43,5,
Denver,2024-10-05,0,65.5,85.6,47.4,2024-10-05T13:01,2024-10-06T00:35,0.0,0.0,14.9,38123.71,,841.1,26,0,
Denver,2024-10-06,0,61.2,79.2,49.4,2024-10-06T13:02,2024-10-07T00:33,0.0,0.0,16.1,37999.93,,847.3,34,0,
Denver,2024-10-07,1,61.9,79.3,44.5,2024-10-07T13:03,2024-10-08T00:32,0.0,0.0,12.0,37887.94,,844.7,37,3,
Denver,2024-10-08,3,62.0,80.8,42.8,2024-10-08T13:04,2024-10-09T00:30,0.0,0.0,7.6,37822.92,,842.6,27,17,
Denver,2024-10-09,3,62.5,80.3,45.8,2024-10-09T13:05,2024-10-10T00:29,0.0,0.0,10.9,36790.35,,842.7,34,28,
Denver,2024-10-10,2,62.8,83.2,46.6,2024-10-10T13:06,2024-10-11T00:27,0.0,0.0,12.6,37659.51,,843.9,38,9,
Denver,2024-10-11,3,60.8,76.8,48.0,2024-10-11T13:07,2024-10-12T00:26,0.0,0.0,13.1,36000.0,,845.2,33,68,
Denver,2024-10-12,3,61.7,81.9,45.8,2024-10-12T13:08,2024-10-13T00:24,0.0,0.0,13.1,37430.52,,844.3,34,57,
Denver,2024-10-13,3,57.9,74.9,45.1,2024-10-13T13:09,2024-10-14T00:23,0.0,0.0,8.8,35889.09,,846.1,38,62,
Denver,2024-10-14,3,59.0,81.4,40.9,2024-10-14T13:10,2024-10-15T00:21,0.0,0.0,5.3,37167.17,,845.8,42,15,
Denver,2024-10-15,2,60.7,75.3,45.3,2024-10-15T13:11,2024-10-16T00:20,0.0,0.0,11.5,36854.97,,844.6,39,8,
Denver,2024-10-16,2,59.3,80.6,46.0,2024-10-16T13:12,2024-10-17T00:18,0.0,0.0,20.0,36536.77,,844.1,34,7,
Denver,2024-10-17,3,61.6,75.3,48.7,2024-10-17T13:13,2024-10-18T00:17,0.0,0.0,17.8,31673.22,,834.6,35,74,
Denver,2024-10-18,61,55.1,69.4,46.7,2024-10-18T13:14,2024-10-19T00:15,0.075,0.0,14.7,26671.04,,835.0,47,64,
Denver,2024-10-19,51,49.0,61.2,44.2,2024-10-19T13:15,2024-10-20T00:14,0.008,0.0,11.4,16066.63,,846.4,64,90,
Denver,2024-10-20,3,53.3,72.7,42.0,2024-10-20T13:16,2024-10-21T00:13,0.0,0.0,8.1,35739.58,,843.9,66,66,
Denver,2024-10-21,71,55.8,67.1,43.6,2024-10-21T13:17,2024-10-22T00:11,0.378,0.028,23.5,33037.38,,838.3,53,58,
Denver,2024-10-22,0,56.9,74.5,41.7,2024-10-22T13:18,2024-10-23T00:10,0.0,0.0,21.3,35532.54,,841.9,39,1,
Denver,2024-10-23,3,55.5,76.8,37.6,2024-10-23T13:19,2024-10-24T00:08,0.0,0.0,6.6,35283.86,,843.8,44,12,
Denver,2024-10-24,3,54.2,70.3,40.9,2024-10-24T13:20,2024-10-25T00:07,0.0,0.0,20.5,35185.23,,836.6,40,13,
Denver,2024-10-25,3,49.6,64.2,33.4,2024-10-25T13:21,2024-10-26T00:06,0.0,0.0,13.1,34962.75,,844.7,52,25,
Denver,2024-10-26,3,50.1,72.9,34.8,2024-10-26T13:23,2024-10-27T00:04,0.0,0.0,8.0,34719.95,,844.8,53,24,
Denver,2024-10-27,3,53.2,77.8,35.2,2024-10-27T13:24,2024-10-28T00:03,0.0,0.0,7.6,33591.86,,841.7,33,35,
Denver,2024-10-28,3,57.3,79.5,42.0,2024-10-28T13:25,2024-10-29T00:02,0.0,0.0,15.3,32106.82,,832.5,26,73,
Denver,2024-10-29,3,54.2,68.8,45.8,2024-10-29T13:26,2024-10-30T00:01,0.0,0.0,17.5,32400.0,,826.5,42,44,
Denver,2024-10-30,55,40.2,50.0,36.1,2024-10-30T13:27,2024-10-30T23:59,0.205,0.0,8.6,16395.87,,834.5,77,68,
Denver,2024-10-31,51,39.6,61.7,25.3,2024-10-31T13:28,2024-10-31T23:58,0.008,0.0,8.2,32406.98,,837.4,68,30,
Denver,2024-11-01,3,40.1,60.6,25.9,2024-11-01T13:29,2024-11-01T23:57,0.0,0.0,10.9,34240.86,,835.5,49,36,
Denver,2024-11-02,3,43.3,66.9,27.6,2024-11-02T13:30,2024-11-02T23:56,0.0,0.0,7.6,34165.49,,835.0,51,57,
Denver,2024-11-03,51,43.4,54.2,31.8,2024-11-03T13:32,2024-11-03T23:55,0.004,0.0,8.2,32400.0,,826.5,47,52,
Denver,2024-11-04,73,39.6,47.4,35.4,2024-11-04T13:33,2024-11-04T23:54,0.382,0.386,10.4,16386.54,,835.1,75,86,
Denver,2024-11-05,51,35.9,53.1,24.8,2024-11-05T13:34,2024-11-05T23:53,0.004,0.0,11.1,30213.68,,829.4,56,36,
Denver,2024-11-06,73,32.6,43.1,30.1,2024-11-06T13:35,2024-11-06T23:52,0.008,2.232,13.0,0.0,,837.8,69,100,
Denver,2024-11-07,73,27.0,34.9,16.4,2024-11-07T13:36,2024-11-07T23:51,0.004,0.744,6.3,5026.57,,845.2,81,92,
Denver,2024-11-08,75,31.0,33.6,28.2,2024-11-08T13:37,2024-11-08T23:50,0.02,2.37,9.1,0.0,,842.8,94,100,
Denver,2024-11-09,75,33.7,35.5,32.3,2024-11-09T13:38,2024-11-09T23:49,0.055,2.756,11.3,6698.55,,834.6,93,98,
Denver,2024-11-10,2,30.7,46.0,22.2,2024-11-10T13:39,2024-11-10T23:48,0.0,0.0,8.1,32282.17,,831.5,75,6,
Denver,2024-11-11,1,26.7,42.1,14.1,2024-11-11T13:41,2024-11-11T23:47,0.0,0.0,7.0,32876.42,,833.9,78,4,
Denver,2024-11-12,3,28.8,43.3,14.5,2024-11-12T13:42,2024-11-12T23:46,0.0,0.0,4.7,32681.13,,827.1,80,22,
Denver,2024-11-13,51,36.7,45.2,28.9,2024-11-13T13:43,2024-11-13T23:45,0.016,0.0,10.7,31680.55,,835.1,72,45,
Denver,2024-11-14,3,34.6,51.7,25.2,2024-11-14T13:44,2024-11-14T23:44,0.0,0.0,3.7,32221.87,,836.1,76,39,
Denver,2024-11-15,3,33.9,54.5,23.4,2024-11-15T13:45,2024-11-15T23:44,0.0,0.0,9.4,32211.91,,830.4,77,18,
Denver,2024-11-16,2,37.2,50.8,26.4,2024-11-16T13:46,2024-11-16T23:43,0.0,0.0,7.7,32036.87,,824.1,69,10,
Denver,2024-11-17,71,36.0,48.9,25.3,2024-11-17T13:47,2024-11-17T23:42,0.0,0.028,5.5,31384.35,,832.4,71,24,
Denver,2024-11-18,3,35.6,53.4,26.2,2024-11-18T13:49,2024-11-18T23:41,0.0,0.0,3.7,30394.07,,825.0,58,38,
Denver,2024-11-19,3,34.7,44.0,29.2,2024-11-19T13:50,2024-11-19T23:41,0.0,0.0,13.4,31688.1,,829.8,48,43,
Denver,2024-11-20,3,31.3,45.4,21.7,2024-11-20T13:51,2024-11-20T23:40,0.0,0.0,7.8,31402.47,,840.7,36,43,
Denver,2024-11-21,3,32.7,45.3,26.4,2024-11-21T13:52,2024-11-21T23:39,0.0,0.0,3.5,27693.1,,840.1,65,79,
Denver,2024-11-22,3,38.0,55.1,30.3,2024-11-22T13:53,2024-11-22T23:39,0.0,0.0,2.9,30368.02,,838.4,69,95,
Denver,2024-11-23,3,41.9,62.1,29.2,2024-11-23T13:54,2024-11-23T23:38,0.0,0.0,9.3,30063.25,,832.0,62,94,
Denver,2024-11-24,3,39.0,54.7,28.8,2024-11-24T13:55,2024-11-24T23:38,0.0,0.0,8.7,30929.23,,826.0,66,41,
Denver,2024-11-25,73,35.7,45.9,28.3,2024-11-25T13:56,2024-11-25T23:37,0.031,0.248,5.6,30815.3,,840.9,79,63,
Denver,2024-11-26,3,35.9,50.2,28.0,2024-11-26T13:57,2024-11-26T23:37,0.0,0.0,3.2,23426.19,,835.3,76,87,
Denver,2024-11-27,75,35.0,45.0,30.2,2024-11-27T13:58,2024-11-27T23:37,0.075,1.654,5.7,13132.06,,834.2,87,93,
Denver,2024-11-28,3,19.8,30.8,11.8,2024-11-28T13:59,2024-11-28T23:36,0.0,0.0,3.9,30619.39,,838.0,74,22,
Denver,2024-11-29,3,20.2,37.2,10.5,2024-11-29T14:00,2024-11-29T23:36,0.0,0.0,4.2,29819.82,,837.5,68,22,
Denver,2024-11-30,3,24.8,39.4,16.3,2024-11-30T14:01,2024-11-30T23:36,0.0,0.0,5.3,30573.33,,835.2,64,24,
Denver,2024-12-01,3,31.0,43.3,22.0,2024-12-01T14:02,2024-12-01T23:35,0.0,0.0,4.7,30429.39,,839.7,63,29,
Denver,2024-12-02,1,29.9,42.8,20.9,2024-12-02T14:03,2024-12-02T23:35,0.0,0.0,2.8,30407.99,,844.1,71,3,
Denver,2024-12-03,3,34.8,52.4,26.0,2024-12-03T14:04,2024-12-03T23:35,0.0,0.0,3.6,30345.56,,841.6,67,17,
Denver,2024-12-04,3,36.6,50.8,27.2,2024-12-04T14:05,2024-12-04T23:35,0.0,0.0,4.9,30251.62,,840.9,62,20,
Denver,2024-12-05,0,32.2,41.3,26.0,2024-12-05T14:06,2024-12-05T23:35,0.0,0.0,3.9,30192.23,,842.3,71,0,
Denver,2024-12-06,0,33.9,50.2,24.2,2024-12-06T14:07,2024-12-06T23:35,0.0,0.0,2.7,30164.75,,841.2,63,0,
Denver,2024-12-07,1,34.7,50.5,25.8,2024-12-07T14:08,2024-12-07T23:35,0.0,0.0,4.1,30107.18,,838.1,59,2,
Denver,2024-12-08,3,38.2,53.8,30.0,2024-12-08T14:09,2024-12-08T23:35,0.0,0.0,11.3,28391.36,,829.8,56,33,
Denver,2024-12-09,71,32.3,41.2,28.4,2024-12-09T14:10,2024-12-09T23:35,0.0,0.083,9.6,4072.81,,833.6,57,46,
Denver,2024-12-10,71,26.1,34.4,17.7,2024-12-10T14:10,2024-12-10T23:35,0.0,0.165,7.7,29474.44,,841.9,53,62,
Denver,2024-12-11,3,31.0,46.0,21.6,2024-12-11T14:11,2024-12-11T23:35,0.0,0.0,9.7,29366.49,,838.8,44,51,
Denver,2024-12-12,3,30.9,44.2,23.0,2024-12-12T14:12,2024-12-12T23:35,0.0,0.0,4.8,26552.12,,834.4,56,56,
Denver,2024-12-13,3,33.4,47.0,23.6,2024-12-13T14:13,2024-12-13T23:36,0.0,0.0,5.2,29508.16,,831.7,60,56,
Denver,2024-12-14,3,35.7,49.8,30.4,2024-12-14T14:13,2024-12-14T23:36,0.0,0.0,7.4,28770.89,,835.8,49,47,
Denver,2024-12-15,3,36.5,50.9,29.8,2024-12-15T14:14,2024-12-15T23:36,0.0,0.0,5.2,29079.5,,831.8,64,38,
Denver,2024-12-16,3,33.1,41.8,25.4,2024-12-16T14:15,2024-12-16T23:36,0.0,0.0,3.6,29261.28,,838.0,54,24,
Denver,2024-12-17,3,34.1,50.3,25.4,2024-12-17T14:15,2024-12-17T23:37,0.0,0.0,14.9,28397.33,,835.8,61,74,
Denver,2024-12-18,51,33.0,44.1,24.6,2024-12-18T14:16,2024-12-18T23:37,0.004,0.0,9.2,25598.19,,845.1,65,68,
Denver,2024-12-19,3,39.0,56.3,30.0,2024-12-19T14:16,2024-12-19T23:38,0.0,0.0,10.6,28913.0,,839.0,54,76,
Denver,2024-12-20,3,35.1,52.6,24.9,2024-12-20T14:17,2024-12-20T23:38,0.0,0.0,7.6,29089.68,,843.0,55,41,
Denver,2024-12-21,3,37.5,52.4,27.4,2024-12-21T14:17,2024-12-21T23:38,0.0,0.0,5.3,29194.04,,840.3,60,50,
Denver,2024-12-22,3,39.3,54.1,32.0,2024-12-22T14:18,2024-12-22T23:39,0.0,0.0,6.2,18190.06,,834.9,64,89,
Denver,2024-12-23,3,40.1,49.6,33.0,2024-12-23T14:18,2024-12-23T23:40,0.0,0.0,2.7,25200.0,,837.0,67,94,
Denver,2024-12-24,51,37.2,49.3,27.8,2024-12-24T14:19,2024-12-24T23:40,0.004,0.0,4.2,28963.04,,839.6,72,28,
Denver,2024-12-25,73,36.6,47.8,29.5,2024-12-25T14:19,2024-12-25T23:41,0.047,0.11,5.6,21705.42,,831.5,72,88,
Denver,2024-12-26,73,36.5,47.6,25.8,2024-12-26T14:19,2024-12-26T23:41,0.079,0.11,5.2,22005.08,,831.6,82,56,
Denver,2024-12-27,3,36.5,44.7,30.5,2024-12-27T14:20,2024-12-27T23:42,0.0,0.0,7.0,23918.57,,827.4,59,68,
Denver,2024-12-28,3,35.0,50.1,28.2,2024-12-28T14:20,2024-12-28T23:43,0.0,0.0,8.5,22467.92,,829.3,64,83,
Denver,2024-12-29,3,40.1,54.5,32.2,2024-12-29T14:20,2024-12-29T23:44,0.0,0.0,4.8,26894.16,,832.7,64,84,
Denver,2024-12-30,51,41.4,48.5,37.0,2024-12-30T14:20,2024-12-30T23:44,0.02,0.0,15.7,29137.21,,828.4,46,53,
Denver,2024-12-31,3,29.7,36.2,22.4,2024-12-31T14:21,2024-12-31T23:45,0.0,0.0,11.7,29195.32,,838.8,47,35,
Columbus,2024-01-01,53,35.9,32.6,2024-01-01T22:17,2024-01-01T12:53,34.1,0.051,0.0,0.0,13.6,47257.766,992.1,90,100,
Columbus,2024-01-02,3,35.0,32.4,2024-01-02T22:17,2024-01-02T12:53,33.9,0.0,0.0,0.0,10.2,64249.777,995.7,79,100,
Columbus,2024-01-03,3,40.3,24.5,2024-01-03T22:18,2024-01-03T12:53,32.0,0.0,0.0,17497.11,8.8,57578.738,990.5,83,57,
Columbus,2024-01-04,3,37.0,29.1,2024-01-04T22:19,2024-01-04T12:53,32.4,0.0,0.0,27323.72,10.3,69635.828,994.2,77,84,
Columbus,2024-01-05,45,35.8,18.4,2024-01-05T22:20,2024-01-05T12:53,25.9,0.0,0.0,30327.98,3.9,65944.883,997.4,76,37,
Columbus,2024-01-06,75,36.0,31.0,2024-01-06T22:21,2024-01-06T12:53,32.9,0.035,0.413,0.0,8.8,57086.613,983.6,80,99,
Columbus,2024-01-07,71,35.9,32.6,2024-01-07T22:22,2024-01-07T12:53,34.6,0.055,0.165,0.0,14.4,37210.191,982.2,92,100,
Columbus,2024-01-08,3,38.3,32.1,2024-01-08T22:23,2024-01-08T12:53,34.1,0.0,0.0,5817.37,10.4,64413.824,997.6,79,93,
Columbus,2024-01-09,63,47.5,35.0,2024-01-09T22:24,2024-01-09T12:53,39.6,0.894,0.0,0.0,15.8,42186.133,975.5,85,99,
Columbus,2024-01-10,55,44.5,34.4,2024-01-10T22:25,2024-01-10T12:53,37.3,0.071,0.0,0.0,18.0,56252.734,967.9,84,97,
Columbus,2024-01-11,3,44.0,32.0,2024-01-11T22:26,2024-01-11T12:53,36.1,0.0,0.0,15834.45,11.5,66491.695,981.4,79,73,
Columbus,2024-01-12,63,43.4,28.4,2024-01-12T22:27,2024-01-12T12:52,34.6,0.224,0.0,0.0,18.6,58248.582,980.6,80,67,
Columbus,2024-01-13,51,46.8,22.6,2024-01-13T22:28,2024-01-13T12:52,32.6,0.047,0.0,13030.17,22.3,64837.598,970.8,78,96,
Columbus,2024-01-14,73,27.2,8.5,2024-01-14T22:29,2024-01-14T12:52,17.3,0.0,0.083,27764.85,15.8,82526.797,988.6,68,88,
Columbus,2024-01-15,3,16.4,6.5,2024-01-15T22:30,2024-01-15T12:51,9.9,0.0,0.0,31080.15,7.2,87516.398,994.4,65,50,
Columbus,2024-01-16,73,15.5,8.9,2024-01-16T22:31,2024-01-16T12:51,12.5,0.051,0.083,23535.96,10.4,82690.828,990.8,66,77,
Columbus,2024-01-17,1,24.8,5.7,2024-01-17T22:32,2024-01-17T12:51,12.6,0.0,0.0,31173.12,14.6,113817.805,991.2,55,7,
Columbus,2024-01-18,73,30.5,21.4,2024-01-18T22:33,2024-01-18T12:50,24.7,0.0,0.248,0.0,11.3,111630.562,990.2,52,85,
Columbus,2024-01-19,73,27.9,19.0,2024-01-19T22:34,2024-01-19T12:50,23.9,0.028,0.331,0.0,13.3,58398.941,987.3,80,93,
Columbus,2024-01-20,45,19.1,3.5,2024-01-20T22:36,2024-01-20T12:49,11.6,0.0,0.0,18000.0,13.5,63033.141,998.5,72,74,
Columbus,2024-01-21,3,24.2,11.0,2024-01-21T22:37,2024-01-21T12:48,17.4,0.0,0.0,29748.72,9.1,79191.273,1006.1,71,51,
Columbus,2024-01-22,3,38.1,13.0,2024-01-22T22:38,2024-01-22T12:48,22.4,0.0,0.0,18947.55,13.0,97700.68,1002.3,69,48,
Columbus,2024-01-23,55,40.7,32.8,2024-01-23T22:39,2024-01-23T12:47,36.7,0.059,0.0,0.0,6.2,93353.57,999.7,69,96,
Columbus,2024-01-24,63,52.9,38.0,2024-01-24T22:40,2024-01-24T12:46,44.4,0.539,0.0,0.0,11.5,26629.486,995.8,94,100,
Columbus,2024-01-25,63,56.1,48.9,2024-01-25T22:42,2024-01-25T12:46,51.5,0.169,0.0,0.0,7.9,17251.752,990.6,97,100,
Columbus,2024-01-26,61,59.9,46.3,2024-01-26T22:43,2024-01-26T12:45,52.5,0.146,0.0,0.0,14.7,46369.203,987.3,91,98,
Columbus,2024-01-27,51,46.2,40.9,2024-01-27T22:44,2024-01-27T12:44,43.7,0.016,0.0,0.0,8.5,45918.09,993.4,92,100,
Columbus,2024-01-28,71,45.1,35.8,2024-01-28T22:45,2024-01-28T12:43,41.5,0.85,0.028,0.0,15.5,37551.949,980.7,94,99,
Columbus,2024-01-29,51,36.2,33.3,2024-01-29T22:46,2024-01-29T12:43,34.8,0.016,0.0,0.0,13.4,51126.422,991.4,90,100,
Columbus,2024-01-30,71,37.3,31.8,2024-01-30T22:48,2024-01-30T12:42,33.9,0.043,0.083,0.0,10.0,47804.574,989.6,92,100,
Columbus,2024-01-31,51,39.9,34.4,2024-01-31T22:49,2024-01-31T12:41,36.1,0.004,0.0,0.0,6.9,44564.738,989.6,93,100,
Columbus,2024-02-01,45,50.1,33.5,2024-02-01T22:50,2024-02-01T12:40,40.3,0.0,0.0,31845.47,11.5,67475.945,989.0,84,74,
Columbus,2024-02-02,3,47.0,38.7,2024-02-02T22:51,2024-02-02T12:39,42.6,0.0,0.0,19582.91,9.3,70825.125,988.2,76,74,
Columbus,2024-02-03,45,46.5,29.4,2024-02-03T22:52,2024-02-03T12:38,35.4,0.0,0.0,33443.69,7.7,65042.652,991.6,78,52,
Columbus,2024-02-04,2,54.9,27.4,2024-02-04T22:53,2024-02-04T12:37,37.7,0.0,0.0,33584.62,10.4,93367.25,987.8,68,4,
Columbus,2024-02-05,3,48.5,25.3,2024-02-05T22:55,2024-02-05T12:36,36.6,0.0,0.0,33727.8,10.8,79396.328,986.4,68,14,
Columbus,2024-02-06,3,49.6,29.9,2024-02-06T22:56,2024-02-06T12:35,37.5,0.0,0.0,33873.04,12.3,86928.594,992.3,67,58,
Columbus,2024-02-07,3,55.6,26.5,2024-02-07T22:57,2024-02-07T12:34,38.1,0.0,0.0,33500.32,6.5,122853.781,994.9,56,17,
Columbus,2024-02-08,3,63.6,36.5,2024-02-08T22:58,2024-02-08T12:33,47.5,0.0,0.0,32769.2,11.5,161431.0,991.7,40,54,
Columbus,2024-02-09,3,63.4,50.2,2024-02-09T22:59,2024-02-09T12:32,56.0,0.0,0.0,34319.23,14.8,126230.305,987.0,51,37,
Columbus,2024-02-10,51,59.2,52.2,2024-02-10T23:01,2024-02-10T12:31,55.1,0.008,0.0,19654.75,9.2,62677.707,985.0,79,89,
Columbus,2024-02-11,3,52.6,35.9,2024-02-11T23:02,2024-02-11T12:29,41.9,0.0,0.0,17442.75,8.6,81310.148,987.5,70,81,
Columbus,2024-02-12,3,49.2,28.5,2024-02-12T23:03,2024-02-12T12:28,36.7,0.0,0.0,33151.89,8.1,80736.0,984.7,69,56,
Columbus,2024-02-13,3,48.1,25.4,2024-02-13T23:04,2024-02-13T12:27,38.3,0.0,0.0,34643.42,14.6,105396.992,982.4,58,49,
Columbus,2024-02-14,2,45.4,31.0,2024-02-14T23:05,2024-02-14T12:26,37.0,0.0,0.0,34719.3,6.3,120092.406,993.7,53,12,
Columbus,2024-02-15,3,54.2,27.3,2024-02-15T23:07,2024-02-15T12:24,37.5,0.0,0.0,6985.82,20.6,102457.906,989.9,58,57,
Columbus,2024-02-16,75,40.9,26.8,2024-02-16T23:08,2024-02-16T12:23,32.2,0.028,0.634,15794.71,14.1,81296.484,991.0,65,42,
Columbus,2024-02-17,75,28.9,19.8,2024-02-17T23:09,2024-02-17T12:22,24.6,0.055,1.075,23942.23,14.3,62185.594,989.3,78,78,
Columbus,2024-02-18,45,38.2,14.8,2024-02-18T23:10,2024-02-18T12:20,21.8,0.0,0.0,35212.32,14.1,96552.375,987.3,60,24,
Columbus,2024-02-19,45,45.7,17.1,2024-02-19T23:11,2024-02-19T12:19,30.4,0.0,0.0,35329.32,5.7,96825.805,991.9,62,10,
Columbus,2024-02-20,0,53.5,25.6,2024-02-20T23:12,2024-02-20T12:18,36.4,0.0,0.0,35486.51,5.4,118192.273,996.6,57,0,
Columbus,2024-02-21,3,62.8,27.4,2024-02-21T23:14,2024-02-21T12:16,42.3,0.0,0.0,33497.43,12.7,139640.75,994.4,49,9,
Columbus,2024-02-22,63,55.7,46.7,2024-02-22T23:15,2024-02-22T12:15,50.2,0.638,0.0,0.0,7.9,104412.719,982.0,62,95,
Columbus,2024-02-23,45,56.7,44.5,2024-02-23T23:16,2024-02-23T12:14,48.2,0.0,0.0,25081.54,12.9,50948.715,976.0,85,78,
Columbus,2024-02-24,75,47.5,23.6,2024-02-24T23:17,2024-02-24T12:12,33.2,0.079,1.268,26713.08,14.5,71604.328,982.6,73,64,
Columbus,2024-02-25,3,49.9,22.7,2024-02-25T23:18,2024-02-25T12:11,31.6,0.0,0.0,36408.89,10.8,82308.078,989.5,70,18,
Columbus,2024-02-26,2,67.0,34.3,2024-02-26T23:19,2024-02-26T12:10,47.2,0.0,0.0,36399.51,8.4,115307.852,985.1,56,8,
Columbus,2024-02-27,51,67.5,53.5,2024-02-27T23:20,2024-02-27T12:08,59.4,0.004,0.0,16941.93,15.8,113585.406,978.0,55,77,
Columbus,2024-02-28,53,66.4,32.2,2024-02-28T23:21,2024-02-28T12:07,52.5,0.035,0.0,0.0,20.8,67352.914,975.7,76,92,
Columbus,2024-02-29,1,41.2,22.9,2024-02-29T23:23,2024-02-29T12:05,30.4,0.0,0.0,37453.12,12.9,121746.5,1001.3,54,5,
Columbus,2024-03-01,51,46.2,26.0,2024-03-01T23:24,2024-03-01T12:04,34.7,0.008,0.0,19228.26,7.6,107816.602,999.3,57,45,
Columbus,2024-03-02,61,50.1,39.7,2024-03-02T23:25,2024-03-02T12:02,44.6,0.154,0.0,0.0,6.8,40860.125,992.7,91,99,
Columbus,2024-03-03,3,66.6,46.9,2024-03-03T23:26,2024-03-03T12:00,52.8,0.0,0.0,18029.74,9.1,69061.68,992.4,79,78,
Columbus,2024-03-04,3,74.3,47.2,2024-03-04T23:27,2024-03-04T11:59,58.8,0.0,0.0,34430.32,9.4,89840.344,991.1,66,22,
Columbus,2024-03-05,51,70.0,52.9,2024-03-05T23:28,2024-03-05T11:57,61.2,0.008,0.0,24275.53,11.8,84139.867,987.7,66,26,
Columbus,2024-03-06,61,58.3,45.4,2024-03-06T23:29,2024-03-06T11:56,53.3,0.213,0.0,0.0,11.9,42596.238,985.9,94,99,
Columbus,2024-03-07,45,51.6,42.3,2024-03-07T23:30,2024-03-07T11:54,45.6,0.0,0.0,5515.05,10.6,51235.777,989.1,87,100,
Columbus,2024-03-08,51,56.9,42.5,2024-03-08T23:31,2024-03-08T11:53,48.5,0.004,0.0,2529.59,8.1,49814.082,989.6,88,86,
Columbus,2024-03-09,61,56.4,42.6,2024-03-09T23:32,2024-03-09T11:51,51.3,0.311,0.0,0.0,13.3,47449.152,980.8,89,100,
Columbus,2024-03-10,51,41.8,32.3,2024-03-10T23:33,2024-03-10T11:50,36.0,0.004,0.0,1242.69,16.5,80818.023,984.6,70,79,
Columbus,2024-03-11,2,54.7,27.4,2024-03-11T23:34,2024-03-11T11:48,38.8,0.0,0.0,38700.49,13.3,121281.719,993.6,56,5,
Columbus,2024-03-12,1,68.4,36.7,2024-03-12T23:36,2024-03-12T11:46,50.6,0.0,0.0,38846.73,13.7,149401.234,989.1,47,3,
Columbus,2024-03-13,3,73.3,43.2,2024-03-13T23:37,2024-03-13T11:45,56.7,0.0,0.0,38940.18,10.3,148881.781,986.1,45,27,
Columbus,2024-03-14,65,73.6,48.7,2024-03-14T23:38,2024-03-14T11:43,59.6,0.303,0.0,29970.32,14.8,101870.07,987.0,59,27,
Columbus,2024-03-15,61,65.7,46.7,2024-03-15T23:39,2024-03-15T11:42,54.6,0.106,0.0,11.77,10.7,53532.363,985.5,84,97,
Columbus,2024-03-16,3,61.5,34.5,2024-03-16T23:40,2024-03-16T11:40,46.4,0.0,0.0,36005.12,16.3,82212.375,985.7,74,16,
Columbus,2024-03-17,3,56.9,37.4,2024-03-17T23:41,2024-03-17T11:38,47.1,0.0,0.0,35443.73,15.6,122662.398,980.8,53,43,
Columbus,2024-03-18,51,41.7,31.0,2024-03-18T23:42,2024-03-18T11:37,33.8,0.004,0.0,18356.6,13.6,99764.875,987.5,62,42,
Columbus,2024-03-19,3,50.0,30.1,2024-03-19T23:43,2024-03-19T11:35,36.4,0.0,0.0,39739.31,19.8,118123.906,986.5,56,42,
Columbus,2024-03-20,3,49.0,40.8,2024-03-20T23:44,2024-03-20T11:34,45.0,0.0,0.0,39570.28,19.0,147186.688,981.7,45,26,
Columbus,2024-03-21,1,43.0,24.5,2024-03-21T23:45,2024-03-21T11:32,33.2,0.0,0.0,39984.43,13.8,149838.703,995.3,46,5,
Columbus,2024-03-22,51,45.7,29.8,2024-03-22T23:46,2024-03-22T11:30,36.1,0.02,0.0,24456.21,7.7,127624.68,992.6,53,34,
Columbus,2024-03-23,53,39.1,31.1,2024-03-23T23:47,2024-03-23T11:29,36.3,0.055,0.0,24559.4,15.5,67968.062,989.7,79,88,
Columbus,2024-03-24,1,51.3,24.9,2024-03-24T23:48,2024-03-24T11:27,35.0,0.0,0.0,39772.98,11.9,126995.844,995.7,55,2,
Columbus,2024-03-25,3,70.6,38.3,2024-03-25T23:49,2024-03-25T11:25,51.0,0.0,0.0,40587.3,12.7,208223.953,990.3,31,25,
Columbus,2024-03-26,61,64.6,46.2,2024-03-26T23:50,2024-03-26T11:24,55.1,0.102,0.0,4262.78,19.2,133762.562,982.1,59,96,
Columbus,2024-03-27,63,54.6,39.3,2024-03-27T23:51,2024-03-27T11:22,46.1,0.118,0.0,17675.55,10.8,64222.449,986.5,80,73,
Columbus,2024-03-28,3,52.5,26.1,2024-03-28T23:52,2024-03-28T11:20,39.0,0.0,0.0,39600.0,10.0,90947.625,993.3,68,18,
Columbus,2024-03-29,3,61.6,40.5,2024-03-29T23:53,2024-03-29T11:19,48.7,0.0,0.0,40679.5,8.8,118739.055,990.4,55,30,
Columbus,2024-03-30,53,72.4,45.4,2024-03-30T23:54,2024-03-30T11:17,53.0,0.055,0.0,11441.88,14.3,93873.023,984.6,65,75,
Columbus,2024-03-31,61,66.2,47.4,2024-03-31T23:55,2024-03-31T11:16,55.3,0.059,0.0,24859.82,6.8,67667.32,985.2,78,59,
Columbus,2024-04-01,63,62.9,50.0,2024-04-01T23:56,2024-04-01T11:14,57.1,0.445,0.0,13914.22,10.7,51973.973,983.1,84,83,
Columbus,2024-04-02,65,66.5,54.4,2024-04-02T23:57,2024-04-02T11:13,59.0,0.772,0.0,2874.29,10.6,46984.363,975.7,90,99,
Columbus,2024-04-03,63,62.9,40.0,2024-04-03T23:58,2024-04-03T11:11,49.5,0.248,0.0,20952.31,14.7,68446.523,968.5,77,91,
Columbus,2024-04-04,73,46.4,35.1,2024-04-04T23:59,2024-04-04T11:09,39.7,0.11,0.303,14093.91,13.0,55801.609,971.6,84,97,
Columbus,2024-04-05,3,44.3,37.9,2024-04-06T00:00,2024-04-05T11:08,40.6,0.0,0.0,21359.72,12.8,75418.305,985.2,75,74,
Columbus,2024-04-06,3,53.1,33.9,2024-04-07T00:01,2024-04-06T11:06,43.3,0.0,0.0,36422.19,10.4,104002.625,993.2,61,24,
Columbus,2024-04-07,2,62.5,32.0,2024-04-08T00:02,2024-04-07T11:05,46.2,0.0,0.0,42720.71,8.2,125054.68,992.6,58,7,
Columbus,2024-04-08,3,75.9,50.2,2024-04-09T00:03,2024-04-08T11:03,60.4,0.0,0.0,41789.97,10.4,145970.031,988.9,46,45,
Columbus,2024-04-09,3,71.8,56.5,2024-04-10T00:04,2024-04-09T11:02,63.0,0.0,0.0,24361.97,12.7,74488.734,988.8,72,68,
Columbus,2024-04-10,3,62.7,56.7,2024-04-11T00:05,2024-04-10T11:00,59.9,0.0,0.0,0.0,10.0,48392.387,987.0,89,100,
Columbus,2024-04-11,63,64.6,58.5,2024-04-12T00:06,2024-04-11T10:58,60.8,0.516,0.0,352.24,9.0,43703.516,974.9,93,100,
Columbus,2024-04-12,63,63.3,47.8,2024-04-13T00:07,2024-04-12T10:57,52.2,0.177,0.0,10800.0,19.3,60490.488,972.8,82,90,
Columbus,2024-04-13,1,64.4,43.6,2024-04-14T00:08,2024-04-13T10:55,52.8,0.0,0.0,44316.52,17.1,119244.875,988.6,56,2,
Columbus,2024-04-14,0,81.6,46.8,2024-04-15T00:09,2024-04-14T10:54,61.5,0.0,0.0,44314.95,18.8,125396.43,984.9,53,1,
Columbus,2024-04-15,3,78.5,57.8,2024-04-16T00:10,2024-04-15T10:52,69.0,0.0,0.0,44216.25,9.3,111767.273,984.5,58,11,
Columbus,2024-04-16,3,84.7,50.4,2024-04-17T00:11,2024-04-16T10:51,67.0,0.0,0.0,44755.11,8.3,141718.625,990.1,48,9,
Columbus,2024-04-17,51,80.5,62.6,2024-04-18T00:12,2024-04-17T10:49,71.2,0.031,0.0,25439.96,22.4,97700.688,984.5,63,74,
Columbus,2024-04-18,3,73.4,53.9,2024-04-19T00:13,2024-04-18T10:48,62.7,0.0,0.0,37467.71,6.9,96771.094,988.5,64,33,
Columbus,2024-04-19,3,69.2,55.3,2024-04-20T00:14,2024-04-19T10:46,61.0,0.0,0.0,14560.39,11.7,95431.438,987.1,65,71,
Columbus,2024-04-20,3,55.1,44.5,2024-04-21T00:15,2024-04-20T10:45,51.0,0.0,0.0,45322.1,15.6,137070.75,992.7,49,16,
Columbus,2024-04-21,3,50.4,38.7,2024-04-22T00:16,2024-04-21T10:44,44.7,0.0,0.0,31228.49,9.3,121172.352,992.4,53,59,
Columbus,2024-04-22,0,62.3,31.9,2024-04-23T00:17,2024-04-22T10:42,46.9,0.0,0.0,45596.14,6.5,132040.125,993.5,54,1,
Columbus,2024-04-23,3,67.3,45.0,2024-04-24T00:18,2024-04-23T10:41,54.8,0.0,0.0,40131.2,17.2,137863.641,988.8,48,50,
Columbus,2024-04-24,51,57.3,48.2,2024-04-25T00:19,2024-04-24T10:40,52.2,0.051,0.0,22483.29,11.5,59150.809,989.4,82,89,
Columbus,2024-04-25,3,59.8,32.5,2024-04-26T00:20,2024-04-25T10:38,46.2,0.0,0.0,42735.16,9.0,99081.367,997.5,62,40,
Columbus,2024-04-26,3,75.8,39.4,2024-04-27T00:21,2024-04-26T10:37,55.3,0.0,0.0,46134.63,9.6,129251.43,995.3,52,9,
Columbus,2024-04-27,3,79.4,64.3,2024-04-28T00:22,2024-04-27T10:36,71.0,0.0,0.0,35691.81,17.2,117180.656,992.8,53,60,
Columbus,2024-04-28,3,83.3,62.9,2024-04-29T00:23,2024-04-28T10:34,73.1,0.0,0.0,41557.05,13.5,103619.867,992.7,59,21,
Columbus,2024-04-29,1,82.5,60.2,2024-04-30T00:24,2024-04-29T10:33,72.8,0.0,0.0,46530.41,13.5,109867.125,988.9,58,10,
Columbus,2024-04-30,53,77.6,59.6,2024-05-01T00:25,2024-04-30T10:32,67.5,0.028,0.0,23783.32,10.3,82813.867,986.5,72,76,
Columbus,2024-05-01,2,82.4,48.8,2024-05-02T00:26,2024-05-01T10:31,65.1,0.0,0.0,46720.88,12.6,102512.57,987.2,63,12,
Columbus,2024-05-02,3,86.6,58.1,2024-05-03T00:27,2024-05-02T10:29,72.7,0.0,0.0,46777.85,6.2,117139.648,988.2,55,9,
Columbus,2024-05-03,51,83.0,66.2,2024-05-04T00:28,2024-05-03T10:28,72.6,0.004,0.0,28587.59,7.4,93093.836,987.4,64,80,
Columbus,2024-05-04,53,75.5,65.8,2024-05-05T00:29,2024-05-04T10:27,69.1,0.067,0.0,7994.57,8.5,49444.988,988.4,88,98,
Columbus,2024-05-05,65,76.5,65.0,2024-05-06T00:30,2024-05-05T10:26,69.0,0.496,0.0,12609.95,8.9,48679.465,987.6,86,90,
Columbus,2024-05-06,51,73.9,62.1,2024-05-07T00:31,2024-05-06T10:25,66.3,0.016,0.0,3695.35,8.6,51181.098,987.9,88,84,
Columbus,2024-05-07,61,76.8,61.5,2024-05-08T00:32,2024-05-07T10:23,67.7,0.059,0.0,33189.96,9.8,50429.246,982.0,87,71,
Columbus,2024-05-08,53,83.0,62.4,2024-05-09T00:33,2024-05-08T10:22,71.8,0.035,0.0,46396.43,10.1,89211.5,979.3,71,54,
Columbus,2024-05-09,55,76.8,57.1,2024-05-10T00:34,2024-05-09T10:21,65.6,0.079,0.0,4168.32,17.2,66286.641,978.4,79,90,
Columbus,2024-05-10,51,66.1,51.1,2024-05-11T00:35,2024-05-10T10:20,57.5,0.004,0.0,36194.66,12.3,81610.883,982.3,73,72,
Columbus,2024-05-11,53,67.0,46.8,2024-05-12T00:36,2024-05-11T10:19,56.0,0.043,0.0,31996.61,18.1,98766.945,982.3,65,32,
Columbus,2024-05-12,0,73.1,44.7,2024-05-13T00:37,2024-05-12T10:18,58.6,0.0,0.0,46813.8,13.6,116551.836,986.0,57,1,
Columbus,2024-05-13,3,81.0,53.1,2024-05-14T00:38,2024-05-13T10:17,66.7,0.0,0.0,46800.0,11.7,129907.586,986.4,50,10,
Columbus,2024-05-14,51,75.6,59.8,2024-05-15T00:39,2024-05-14T10:16,64.7,0.016,0.0,3600.0,6.7,72219.492,983.3,77,73,
Columbus,2024-05-15,61,69.7,61.6,2024-05-16T00:40,2024-05-15T10:16,64.3,0.299,0.0,4993.05,9.0,45672.027,979.8,91,98,
Columbus,2024-05-16,3,79.1,55.6,2024-05-17T00:41,2024-05-16T10:15,66.3,0.0,0.0,43200.0,6.5,72123.797,983.3,77,42,
Columbus,2024-05-17,55,75.9,63.9,2024-05-18T00:42,2024-05-17T10:14,68.4,0.11,0.0,7699.67,11.7,61256.016,983.8,82,78,
Columbus,2024-05-18,45,84.2,60.7,2024-05-19T00:43,2024-05-18T10:13,70.3,0.0,0.0,36683.26,5.3,74461.398,985.3,76,52,
Columbus,2024-05-19,2,86.8,60.6,2024-05-20T00:44,2024-05-19T10:12,74.4,0.0,0.0,46995.82,7.6,101213.898,987.6,64,11,
Columbus,2024-05-20,1,88.6,62.6,2024-05-21T00:45,2024-05-20T10:11,76.3,0.0,0.0,46997.84,7.7,113161.633,988.0,58,4,
Columbus,2024-05-21,3,89.1,64.9,2024-05-22T00:46,2024-05-21T10:11,77.7,0.0,0.0,43405.88,11.8,112095.383,986.5,57,40,
Columbus,2024-05-22,95,83.9,70.6,2024-05-23T00:46,2024-05-22T10:10,76.2,0.035,0.0,32560.38,15.3,82116.688,984.5,68,49,
Columbus,2024-05-23,3,80.5,63.9,2024-05-24T00:47,2024-05-23T10:09,73.7,0.0,0.0,44370.86,13.7,85643.586,986.9,68,53,
Columbus,2024-05-24,3,85.0,65.1,2024-05-25T00:48,2024-05-24T10:09,74.3,0.0,0.0,43200.0,9.2,78220.688,986.0,71,53,
Columbus,2024-05-25,3,86.4,66.4,2024-05-26T00:49,2024-05-25T10:08,76.2,0.0,0.0,42406.74,9.1,91043.312,983.7,65,37,
Columbus,2024-05-26,55,83.5,62.7,2024-05-27T00:50,2024-05-26T10:07,73.3,0.039,0.0,33097.73,17.7,80462.594,982.8,68,40,
Columbus,2024-05-27,53,77.0,63.9,2024-05-28T00:51,2024-05-27T10:07,68.6,0.047,0.0,25737.5,16.6,61953.191,977.4,81,80,
Columbus,2024-05-28,3,73.5,59.2,2024-05-29T00:51,2024-05-28T10:06,66.5,0.0,0.0,44548.48,12.9,82595.141,985.6,70,22,
Columbus,2024-05-29,65,69.4,54.1,2024-05-30T00:52,2024-05-29T10:06,61.1,0.307,0.0,29188.55,12.9,64755.582,989.4,80,58,
Columbus,2024-05-30,51,71.8,52.6,2024-05-31T00:53,2024-05-30T10:05,60.6,0.008,0.0,45752.96,9.1,96128.602,994.7,68,15,
Columbus,2024-05-31,2,76.9,44.9,2024-06-01T00:54,2024-05-31T10:05,61.1,0.0,0.0,47947.84,8.2,144794.391,997.0,51,3,
Columbus,2024-06-01,3,82.5,49.9,2024-06-02T00:54,2024-06-01T10:04,66.3,0.0,0.0,44388.95,10.1,126763.461,994.1,54,29,
Columbus,2024-06-02,51,76.9,62.8,2024-06-03T00:55,2024-06-02T10:04,66.8,0.016,0.0,0.0,10.8,59588.254,988.9,84,97,
Columbus,2024-06-03,3,85.0,62.2,2024-06-04T00:56,2024-06-03T10:04,71.2,0.0,0.0,33021.43,8.1,65261.379,987.3,80,47,
Columbus,2024-06-04,3,88.1,64.7,2024-06-05T00:56,2024-06-04T10:03,77.1,0.0,0.0,47974.4,7.9,92724.727,985.4,65,20,
Columbus,2024-06-05,51,84.4,69.9,2024-06-06T00:57,2024-06-05T10:03,75.6,0.016,0.0,20896.66,14.5,66942.812,981.3,75,78,
Columbus,2024-06-06,81,82.4,67.2,2024-06-07T00:58,2024-06-06T10:03,74.5,0.142,0.0,30638.38,13.3,82239.727,977.6,73,62,
Columbus,2024-06-07,3,79.6,60.7,2024-06-08T00:58,2024-06-07T10:03,70.9,0.0,0.0,47895.45,15.9,147528.453,981.0,45,20,
Columbus,2024-06-08,3,78.2,54.3,2024-06-09T00:59,2024-06-08T10:03,68.0,0.0,0.0,47595.8,10.6,118944.117,984.9,55,41,
Columbus,2024-06-09,3,77.9,62.1,2024-06-10T00:59,2024-06-09T10:02,71.5,0.0,0.0,43200.0,13.5,115649.602,982.5,56,49,
Columbus,2024-06-10,3,75.2,54.5,2024-06-11T01:00,2024-06-10T10:02,61.9,0.0,0.0,22227.45,10.7,97468.289,983.0,63,46,
Columbus,2024-06-11,1,76.0,47.3,2024-06-12T01:00,2024-06-11T10:02,61.1,0.0,0.0,45083.77,5.2,95294.727,987.9,67,11,
Columbus,2024-06-12,3,83.1,55.9,2024-06-13T01:01,2024-06-12T10:02,69.3,0.0,0.0,48255.3,6.5,119477.273,989.4,56,16,
Columbus,2024-06-13,0,88.6,58.9,2024-06-14T01:01,2024-06-13T10:02,74.6,0.0,0.0,49060.95,11.0,118971.461,988.3,56,0,
Columbus,2024-06-14,3,87.0,71.1,2024-06-15T01:02,2024-06-14T10:02,78.6,0.0,0.0,44526.21,11.3,114214.227,986.6,54,52,
Columbus,2024-06-15,0,82.3,57.5,2024-06-16T01:02,2024-06-15T10:02,72.4,0.0,0.0,49386.31,11.7,144288.609,992.1,45,1,
Columbus,2024-06-16,0,89.5,57.7,2024-06-17T01:02,2024-06-16T10:02,74.1,0.0,0.0,49415.13,8.7,134063.312,991.2,49,1,
Columbus,2024-06-17,95,95.2,70.1,2024-06-18T01:03,2024-06-17T10:02,80.9,0.0,0.0,43808.99,9.8,104235.031,990.8,59,24,
Columbus,2024-06-18,3,93.5,73.2,2024-06-19T01:03,2024-06-18T10:03,82.4,0.0,0.0,46521.34,8.5,78603.453,993.3,71,27,
Columbus,2024-06-19,3,89.4,74.6,2024-06-20T01:03,2024-06-19T10:03,82.4,0.0,0.0,34160.9,8.1,74652.781,996.4,72,72,
Columbus,2024-06-20,3,93.3,70.4,2024-06-21T01:04,2024-06-20T10:03,82.1,0.0,0.0,47945.07,8.6,84508.977,998.1,70,31,
Columbus,2024-06-21,3,96.9,73.7,2024-06-22T01:04,2024-06-21T10:03,85.3,0.0,0.0,44940.21,9.2,104604.117,996.0,60,22,
Columbus,2024-06-22,3,95.3,72.4,2024-06-23T01:04,2024-06-22T10:03,85.8,0.0,0.0,47304.89,12.0,117604.438,991.2,53,26,
Columbus,2024-06-23,53,91.7,73.3,2024-06-24T01:04,2024-06-23T10:04,81.8,0.035,0.0,21144.7,14.7,86477.477,982.4,67,61,
Columbus,2024-06-24,3,85.0,65.5,2024-06-25T01:04,2024-06-24T10:04,76.1,0.0,0.0,48207.99,14.1,97276.906,985.5,61,31,
Columbus,2024-06-25,3,82.8,64.4,2024-06-26T01:04,2024-06-25T10:04,73.4,0.0,0.0,38548.37,13.4,78835.852,986.8,70,26,
Columbus,2024-06-26,53,79.6,68.1,2024-06-27T01:04,2024-06-26T10:05,74.6,0.051,0.0,18669.78,10.7,58850.062,983.7,80,56,
Columbus,2024-06-27,51,81.4,60.5,2024-06-28T01:04,2024-06-27T10:05,70.2,0.016,0.0,38048.58,9.0,64113.078,985.1,80,41,
Columbus,2024-06-28,2,89.3,59.8,2024-06-29T01:04,2024-06-28T10:05,73.8,0.0,0.0,49329.72,9.0,99956.25,987.9,60,13,
Columbus,2024-06-29,95,87.3,77.1,2024-06-30T01:04,2024-06-29T10:06,82.6,0.016,0.0,23934.84,13.0,78330.047,986.8,69,88,
Columbus,2024-06-30,95,83.2,72.9,2024-07-01T01:04,2024-06-30T10:06,77.7,0.016,0.0,43903.22,13.8,78371.07,990.4,73,34,
Columbus,2024-07-01,1,78.9,54.1,2024-07-02T01:04,2024-07-01T10:07,66.6,0.0,0.0,49370.27,12.2,101569.336,995.7,61,6,
Columbus,2024-07-02,3,87.7,56.6,2024-07-03T01:04,2024-07-02T10:07,71.3,0.0,0.0,49178.11,10.3,118862.094,993.0,54,7,
Columbus,2024-07-03,63,95.5,74.2,2024-07-04T01:04,2024-07-03T10:08,82.1,0.287,0.0,41435.94,15.7,93695.312,989.1,61,22,
Columbus,2024-07-04,95,84.3,74.0,2024-07-05T01:03,2024-07-04T10:09,77.5,0.091,0.0,8904.04,9.4,48077.973,987.4,90,95,
Columbus,2024-07-05,51,81.4,69.6,2024-07-06T01:03,2024-07-05T10:09,75.3,0.024,0.0,9832.22,9.6,49882.441,983.3,88,87,
Columbus,2024-07-06,3,84.5,67.3,2024-07-07T01:03,2024-07-06T10:10,76.2,0.0,0.0,47539.24,9.3,74953.523,985.9,74,34,
Columbus,2024-07-07,3,88.4,65.8,2024-07-08T01:03,2024-07-07T10:10,77.2,0.0,0.0,48662.01,6.0,91097.992,990.0,67,21,
Columbus,2024-07-08,3,90.6,65.5,2024-07-09T01:02,2024-07-08T10:11,78.7,0.0,0.0,43704.25,7.1,97263.227,990.0,63,17,
Columbus,2024-07-09,51,89.5,71.8,2024-07-10T01:02,2024-07-09T10:12,80.5,0.008,0.0,36700.23,7.0,85534.234,987.9,67,56,
Columbus,2024-07-10,51,85.7,68.8,2024-07-11T01:02,2024-07-10T10:12,75.7,0.016,0.0,4533.94,18.1,61105.645,980.3,77,88,
Columbus,2024-07-11,3,87.1,61.5,2024-07-12T01:01,2024-07-11T10:13,73.4,0.0,0.0,43671.44,10.5,84358.602,989.6,70,24,
Columbus,2024-07-12,1,89.7,67.9,2024-07-13T01:01,2024-07-12T10:14,78.3,0.0,0.0,48179.99,6.8,96046.586,992.6,63,16,
Columbus,2024-07-13,3,91.1,69.5,2024-07-14T01:00,2024-07-13T10:14,80.5,0.0,0.0,37930.45,6.5,79683.398,994.0,70,28,
Columbus,2024-07-14,65,92.2,69.0,2024-07-15T01:00,2024-07-14T10:15,78.1,0.343,0.0,35764.97,11.4,67434.93,992.0,78,31,
Columbus,2024-07-15,51,94.0,69.8,2024-07-16T00:59,2024-07-15T10:16,77.1,0.008,0.0,41199.64,16.2,62500.004,987.3,82,44,
Columbus,2024-07-16,3,89.4,73.2,2024-07-17T00:58,2024-07-16T10:17,79.6,0.0,0.0,39341.59,11.2,76648.617,983.9,72,33,
Columbus,2024-07-17,53,82.8,72.9,2024-07-18T00:58,2024-07-17T10:18,77.0,0.047,0.0,26540.69,9.9,57442.035,985.2,83,73,
Columbus,2024-07-18,3,82.1,61.5,2024-07-19T00:57,2024-07-18T10:18,72.1,0.0,0.0,43721.98,11.2,81269.141,989.4,71,58,
Columbus,2024-07-19,3,83.9,57.2,2024-07-20T00:56,2024-07-19T10:19,70.0,0.0,0.0,42764.07,11.8,101883.75,993.6,62,12,
Columbus,2024-07-20,3,86.7,59.1,2024-07-21T00:56,2024-07-20T10:20,73.1,0.0,0.0,47739.54,8.4,113872.5,992.2,56,29,
Columbus,2024-07-21,3,83.2,61.8,2024-07-22T00:55,2024-07-21T10:21,73.1,0.0,0.0,46379.54,6.4,103155.062,991.7,60,41,
Columbus,2024-07-22,53,80.6,66.0,2024-07-23T00:54,2024-07-22T10:22,72.5,0.043,0.0,24255.39,5.5,73846.242,990.1,73,59,
Columbus,2024-07-23,51,83.4,65.0,2024-07-24T00:53,2024-07-23T10:23,73.9,0.004,0.0,38452.1,10.7,64017.391,990.3,78,38,
Columbus,2024-07-24,3,87.7,67.8,2024-07-25T00:52,2024-07-24T10:23,77.0,0.0,0.0,46800.0,12.3,72014.438,992.3,75,30,
Columbus,2024-07-25,3,83.5,69.0,2024-07-26T00:52,2024-07-25T10:24,75.9,0.0,0.0,43454.96,10.3,79451.0,994.1,72,42,
Columbus,2024-07-26,2,82.4,59.4,2024-07-27T00:51,2024-07-26T10:25,72.4,0.0,0.0,47490.07,7.9,106012.125,994.6,60,5,
Columbus,2024-07-27,3,89.6,57.7,2024-07-28T00:50,2024-07-27T10:26,73.1,0.0,0.0,47402.68,6.0,112983.93,993.0,58,9,
Columbus,2024-07-28,3,93.2,60.0,2024-07-29T00:49,2024-07-28T10:27,76.3,0.0,0.0,47343.71,9.4,109210.945,991.8,59,15,
Columbus,2024-07-29,53,87.6,72.9,2024-07-30T00:48,2024-07-29T10:28,78.4,0.028,0.0,17617.65,9.4,64208.77,988.7,78,88,
Columbus,2024-07-30,81,89.9,69.8,2024-07-31T00:47,2024-07-30T10:29,78.7,0.197,0.0,28922.49,10.8,68473.875,984.6,77,72,
Columbus,2024-07-31,3,90.2,71.8,2024-08-01T00:46,2024-07-31T10:30,80.8,0.0,0.0,46475.12,10.5,71043.852,987.0,75,35,
Columbus,2024-08-01,3,89.5,70.2,2024-08-02T00:45,2024-08-01T10:31,80.3,0.0,0.0,41689.85,11.2,62869.094,989.0,77,33,
Columbus,2024-08-02,65,86.8,71.5,2024-08-03T00:44,2024-08-02T10:32,75.4,0.957,0.0,13696.34,14.8,48529.094,986.0,90,99,
Columbus,2024-08-03,51,82.6,68.6,2024-08-04T00:43,2024-08-03T10:33,72.9,0.02,0.0,15200.96,4.1,49321.953,985.2,90,87,
Columbus,2024-08-04,3,90.0,68.9,2024-08-05T00:41,2024-08-04T10:33,78.1,0.0,0.0,46316.38,3.5,75103.898,988.5,77,25,
Columbus,2024-08-05,3,89.8,70.9,2024-08-06T00:40,2024-08-05T10:34,80.4,0.0,0.0,41680.39,9.5,74352.039,990.6,74,16,
Columbus,2024-08-06,1,92.2,73.0,2024-08-07T00:39,2024-08-06T10:35,82.0,0.0,0.0,46593.59,10.8,76744.32,987.3,73,6,
Columbus,2024-08-07,3,86.1,68.9,2024-08-08T00:38,2024-08-07T10:36,74.9,0.0,0.0,37727.61,11.1,57496.715,984.7,82,56,
Columbus,2024-08-08,45,86.9,68.3,2024-08-09T00:37,2024-08-08T10:37,75.6,0.0,0.0,32517.62,8.6,55965.66,983.8,82,61,
Columbus,2024-08-09,3,83.9,70.8,2024-08-10T00:35,2024-08-09T10:38,77.2,0.0,0.0,39600.0,10.9,74734.797,983.7,74,54,
Columbus,2024-08-10,45,77.2,57.1,2024-08-11T00:34,2024-08-10T10:39,68.4,0.0,0.0,41549.7,9.5,91439.75,990.5,65,22,
Columbus,2024-08-11,3,77.2,55.3,2024-08-12T00:33,2024-08-11T10:40,66.7,0.0,0.0,46327.41,8.8,98944.656,992.0,63,19,
Columbus,2024-08-12,1,82.3,54.6,2024-08-13T00:32,2024-08-12T10:41,68.5,0.0,0.0,46273.7,7.0,103387.461,992.2,62,5,
Columbus,2024-08-13,3,84.3,64.3,2024-08-14T00:30,2024-08-13T10:42,73.1,0.0,0.0,39932.36,6.1,97905.727,992.6,62,31,
Columbus,2024-08-14,3,85.4,59.7,2024-08-15T00:29,2024-08-14T10:43,73.5,0.0,0.0,44945.18,8.4,104781.836,993.6,61,14,
Columbus,2024-08-15,3,86.2,59.8,2024-08-16T00:28,2024-08-15T10:44,73.3,0.0,0.0,35286.25,7.2,108896.531,992.0,58,27,
Columbus,2024-08-16,3,85.0,70.7,2024-08-17T00:26,2024-08-16T10:45,76.1,0.0,0.0,21308.87,10.3,79232.289,987.2,69,87,
Columbus,2024-08-17,53,89.5,69.9,2024-08-18T00:25,2024-08-17T10:46,77.6,0.024,0.0,42125.14,17.7,62691.379,983.7,80,51,
Columbus,2024-08-18,51,83.0,68.9,2024-08-19T00:23,2024-08-18T10:47,73.4,0.016,0.0,29296.18,9.5,62486.328,983.1,80,72,
Columbus,2024-08-19,3,76.1,66.9,2024-08-20T00:22,2024-08-19T10:48,70.5,0.0,0.0,25694.04,12.3,68309.82,986.3,76,62,
Columbus,2024-08-20,3,73.0,55.2,2024-08-21T00:21,2024-08-20T10:49,64.1,0.0,0.0,40955.82,11.3,96237.977,992.4,62,24,
Columbus,2024-08-21,2,75.1,48.0,2024-08-22T00:19,2024-08-21T10:50,61.5,0.0,0.0,45418.6,10.1,96306.32,996.0,64,11,
Columbus,2024-08-22,1,79.8,48.8,2024-08-23T00:18,2024-08-22T10:51,63.7,0.0,0.0,45281.95,7.3,105451.664,997.0,61,4,
Columbus,2024-08-23,2,85.2,50.9,2024-08-24T00:16,2024-08-23T10:52,67.9,0.0,0.0,45143.74,5.6,118287.961,997.4,58,5,
Columbus,2024-08-24,3,88.9,56.2,2024-08-25T00:15,2024-08-24T10:52,72.2,0.0,0.0,42706.52,5.6,111247.812,996.3,58,14,
Columbus,2024-08-25,3,92.0,64.4,2024-08-26T00:13,2024-08-25T10:53,77.9,0.0,0.0,38414.82,5.4,108322.398,995.9,59,32,
Columbus,2024-08-26,3,95.1,66.2,2024-08-27T00:12,2024-08-26T10:54,80.7,0.0,0.0,43935.74,7.4,115239.5,995.4,58,8,
Columbus,2024-08-27,1,96.3,67.8,2024-08-28T00:10,2024-08-27T10:55,81.4,0.0,0.0,40672.75,9.9,110591.648,992.6,59,8,
Columbus,2024-08-28,2,97.2,73.6,2024-08-29T00:09,2024-08-28T10:56,83.8,0.0,0.0,44395.65,8.6,115622.273,991.3,56,14,
Columbus,2024-08-29,3,94.6,73.4,2024-08-30T00:07,2024-08-29T10:57,83.7,0.0,0.0,42616.55,8.1,101610.344,993.2,60,34,
Columbus,2024-08-30,3,98.5,71.5,2024-08-31T00:05,2024-08-30T10:58,83.7,0.0,0.0,40465.71,13.3,101801.727,992.3,62,16,
Columbus,2024-08-31,3,94.5,74.1,2024-09-01T00:04,2024-08-31T10:59,81.9,0.0,0.0,33478.39,9.6,96060.258,990.2,61,63,
Columbus,2024-09-01,3,87.5,70.6,2024-09-02T00:02,2024-09-01T11:00,78.1,0.0,0.0,36720.0,10.4,96196.961,988.0,65,38,
Columbus,2024-09-02,3,76.8,59.8,2024-09-03T00:01,2024-09-02T11:01,69.3,0.0,0.0,43699.03,14.3,98985.664,994.1,62,10,
Columbus,2024-09-03,3,80.3,50.8,2024-09-03T23:59,2024-09-03T11:02,64.7,0.0,0.0,40440.23,11.7,139148.609,998.3,51,9,
Columbus,2024-09-04,2,85.9,52.4,2024-09-04T23:57,2024-09-04T11:03,68.1,0.0,0.0,41432.16,5.2,145327.531,998.2,46,7,
Columbus,2024-09-05,0,88.4,54.0,2024-09-05T23:56,2024-09-05T11:04,70.3,0.0,0.0,42716.34,5.8,139271.672,996.6,51,1,
Columbus,2024-09-06,65,87.2,63.1,2024-09-06T23:54,2024-09-06T11:05,73.1,0.327,0.0,34870.7,13.4,111671.57,990.1,55,28,
Columbus,2024-09-07,3,67.8,52.5,2024-09-07T23:53,2024-09-07T11:06,60.7,0.0,0.0,41105.51,13.1,89047.461,990.4,69,33,
Columbus,2024-09-08,0,70.7,42.3,2024-09-08T23:51,2024-09-08T11:07,56.3,0.0,0.0,42164.79,6.7,118657.039,993.5,59,1,
Columbus,2024-09-09,0,79.8,44.6,2024-09-09T23:49,2024-09-09T11:08,60.8,0.0,0.0,41840.62,8.5,128458.555,993.9,54,1,
Columbus,2024-09-10,1,85.2,51.6,2024-09-10T23:48,2024-09-10T11:08,67.6,0.0,0.0,41588.99,4.1,119162.844,993.3,55,2,
Columbus,2024-09-11,0,87.9,54.1,2024-09-11T23:46,2024-09-11T11:09,70.3,0.0,0.0,41059.27,6.8,116702.219,992.3,58,1,
Columbus,2024-09-12,0,88.1,57.6,2024-09-12T23:45,2024-09-12T11:10,72.4,0.0,0.0,40916.75,10.8,130741.492,991.5,51,1,
Columbus,2024-09-13,2,87.0,60.1,2024-09-13T23:43,2024-09-13T11:11,73.2,0.0,0.0,40904.35,9.0,123086.164,992.3,52,12,
Columbus,2024-09-14,1,88.3,61.1,2024-09-14T23:41,2024-09-14T11:12,74.0,0.0,0.0,40504.77,9.9,116879.914,993.5,55,2,
Columbus,2024-09-15,0,88.6,61.4,2024-09-15T23:40,2024-09-15T11:13,74.6,0.0,0.0,40458.28,9.4,138137.047,994.9,49,0,
Columbus,2024-09-16,2,84.9,59.5,2024-09-16T23:38,2024-09-16T11:14,71.8,0.0,0.0,40353.39,8.4,141144.453,994.6,47,6,
Columbus,2024-09-17,3,82.5,60.1,2024-09-17T23:36,2024-09-17T11:15,69.5,0.0,0.0,28435.95,5.6,127952.773,991.9,50,56,
Columbus,2024-09-18,2,87.2,64.4,2024-09-18T23:35,2024-09-18T11:16,75.7,0.0,0.0,40021.81,6.3,91398.727,988.9,64,36,
Columbus,2024-09-19,2,88.4,63.1,2024-09-19T23:33,2024-09-19T11:17,75.4,0.0,0.0,39930.3,6.9,96716.438,987.0,64,15,
Columbus,2024-09-20,2,91.1,59.8,2024-09-20T23:31,2024-09-20T11:18,74.8,0.0,0.0,39983.77,4.3,106818.664,985.4,61,11,
Columbus,2024-09-21,3,92.9,67.0,2024-09-21T23:30,2024-09-21T11:19,78.3,0.0,0.0,39602.02,7.8,146831.234,985.7,47,11,
Columbus,2024-09-22,51,90.6,58.5,2024-09-22T23:28,2024-09-22T11:20,72.6,0.004,0.0,29035.85,8.7,123988.414,986.0,53,17,
Columbus,2024-09-23,51,76.4,67.6,2024-09-23T23:26,2024-09-23T11:21,70.9,0.008,0.0,29956.02,6.7,60408.469,985.7,80,93,
Columbus,2024-09-24,51,76.7,66.1,2024-09-24T23:25,2024-09-24T11:22,69.7,0.059,0.0,0.0,10.9,51932.965,984.5,86,99,
Columbus,2024-09-25,3,77.5,67.2,2024-09-25T23:23,2024-09-25T11:23,70.9,0.0,0.0,6120.15,6.8,54858.387,985.0,84,88,
Columbus,2024-09-26,3,74.7,66.1,2024-09-26T23:21,2024-09-26T11:24,70.4,0.0,0.0,0.0,7.6,54831.035,987.6,83,100,
Columbus,2024-09-27,63,72.0,67.9,2024-09-27T23:20,2024-09-27T11:25,69.8,0.445,0.0,0.0,21.4,47872.926,980.6,88,100,
Columbus,2024-09-28,61,70.5,65.2,2024-09-28T23:18,2024-09-28T11:26,67.0,0.177,0.0,889.93,20.0,42787.617,979.4,92,91,
Columbus,2024-09-29,61,69.5,65.3,2024-09-29T23:16,2024-09-29T11:27,66.8,0.406,0.0,0.0,5.8,39329.066,983.8,95,99,
Columbus,2024-09-30,61,71.1,66.7,2024-09-30T23:15,2024-09-30T11:28,68.3,0.083,0.0,1519.39,7.1,44113.625,986.3,93,96,
Columbus,2024-10-01,3,74.1,66.0,2024-10-01T23:13,2024-10-01T11:28,69.1,0.0,0.0,14936.22,4.5,51208.441,987.2,89,90,
Columbus,2024-10-02,51,72.9,52.1,2024-10-02T23:12,2024-10-02T11:29,61.9,0.004,0.0,33825.48,11.0,75760.062,989.0,76,55,
Columbus,2024-10-03,3,77.4,49.7,2024-10-03T23:10,2024-10-03T11:30,61.1,0.0,0.0,35032.11,4.7,80818.023,990.2,73,28,
Columbus,2024-10-04,3,82.3,50.9,2024-10-04T23:08,2024-10-04T11:31,64.5,0.0,0.0,38441.64,7.6,99669.188,993.4,67,21,
Columbus,2024-10-05,45,78.2,54.6,2024-10-05T23:07,2024-10-05T11:32,65.6,0.0,0.0,35742.27,6.5,87393.375,996.0,67,15,
Columbus,2024-10-06,2,87.1,57.3,2024-10-06T23:05,2024-10-06T11:33,69.6,0.0,0.0,36866.83,12.9,98972.0,989.2,61,4,
Columbus,2024-10-07,3,80.4,48.8,2024-10-07T23:04,2024-10-07T11:34,62.2,0.0,0.0,38169.96,15.3,137043.422,988.8,48,8,
Columbus,2024-10-08,0,70.6,41.7,2024-10-08T23:02,2024-10-08T11:36,55.1,0.0,0.0,38006.77,5.9,111575.906,989.1,59,1,
Columbus,2024-10-09,1,69.4,43.7,2024-10-09T23:00,2024-10-09T11:37,56.0,0.0,0.0,37844.34,7.8,122553.039,990.0,54,3,0.0
Columbus,2024-10-10,0,66.3,40.0,2024-10-10T22:59,2024-10-10T11:38,53.0,0.0,0.0,37686.04,6.2,105492.664,993.9,59,1,0.0
Columbus,2024-10-11,0,73.7,39.6,2024-10-11T22:57,2024-10-11T11:39,54.4,0.0,0.0,37523.62,7.9,103032.039,995.0,63,2,0.0
Columbus,2024-10-12,3,79.6,48.6,2024-10-12T22:56,2024-10-12T11:40,61.6,0.0,0.0,36810.36,8.7,104508.43,990.7,60,16,0.0
Columbus,2024-10-13,1,78.8,60.5,2024-10-13T22:54,2024-10-13T11:41,68.5,0.0,0.0,36428.29,16.1,104891.188,982.7,57,10,3.0
Columbus,2024-10-14,3,66.3,48.6,2024-10-14T22:53,2024-10-14T11:42,53.7,0.0,0.0,25663.82,16.8,101459.961,986.3,58,51,1.0
Columbus,2024-10-15,51,51.1,43.6,2024-10-15T22:51,2024-10-15T11:43,46.9,0.024,0.0,3916.22,7.4,55309.496,990.7,85,86,16.0
Columbus,2024-10-16,3,51.7,35.5,2024-10-16T22:50,2024-10-16T11:44,42.3,0.0,0.0,30859.71,9.1,74475.055,996.9,74,32,0.0
Columbus,2024-10-17,3,60.9,31.1,2024-10-17T22:48,2024-10-17T11:45,43.7,0.0,0.0,34499.33,4.1,83059.93,999.1,73,26,0.0
Columbus,2024-10-18,3,67.6,33.7,2024-10-18T22:47,2024-10-18T11:46,48.2,0.0,0.0,32951.86,5.2,100215.977,1002.5,66,29,0.0
Columbus,2024-10-19,3,72.8,38.0,2024-10-19T22:46,2024-10-19T11:47,53.0,0.0,0.0,35588.93,4.5,112655.852,1004.3,60,15,0.0
Columbus,2024-10-20,3,74.2,37.2,2024-10-20T22:44,2024-10-20T11:48,53.9,0.0,0.0,33169.56,5.3,107679.898,1001.2,63,19,0.0
Columbus,2024-10-21,3,77.1,41.7,2024-10-21T22:43,2024-10-21T11:49,56.9,0.0,0.0,35201.35,6.5,109210.945,998.2,62,10,0.0
Columbus,2024-10-22,1,78.9,44.9,2024-10-22T22:41,2024-10-22T11:50,60.0,0.0,0.0,35110.38,9.6,115512.898,995.6,58,3,0.0
Columbus,2024-10-23,3,76.6,56.2,2024-10-23T22:40,2024-10-23T11:51,64.6,0.0,0.0,32277.49,10.3,116565.5,989.8,53,10,0.0
Columbus,2024-10-24,1,67.3,43.6,2024-10-24T22:39,2024-10-24T11:52,55.1,0.0,0.0,34928.66,11.9,93230.539,993.1,64,8,0.0
Columbus,2024-10-25,3,68.6,38.9,2024-10-25T22:37,2024-10-25T11:54,50.9,0.0,0.0,28561.35,8.2,74898.836,991.3,72,21,2.0
Columbus,2024-10-26,3,62.2,44.6,2024-10-26T22:36,2024-10-26T11:55,55.0,0.0,0.0,34697.27,9.7,96825.789,997.8,65,15,0.0
Columbus,2024-10-27,3,59.2,36.2,2024-10-27T22:35,2024-10-27T11:56,46.6,0.0,0.0,34583.8,7.6,112095.367,1000.9,56,17,0.0
Columbus,2024-10-28,3,67.1,33.0,2024-10-28T22:33,2024-10-28T11:57,47.2,0.0,0.0,33119.95,8.1,112450.789,997.0,57,6,0.0
Columbus,2024-10-29,3,79.5,55.1,2024-10-29T22:32,2024-10-29T11:58,64.4,0.0,0.0,30972.06,14.0,86996.938,994.6,66,36,0.0
Columbus,2024-10-30,3,78.1,59.7,2024-10-30T22:31,2024-10-30T11:59,68.0,0.0,0.0,34329.38,13.0,93982.398,996.5,62,38,0.0
Columbus,2024-10-31,3,75.9,60.7,2024-10-31T22:30,2024-10-31T12:00,67.0,0.0,0.0,23143.48,17.1,76580.273,991.4,70,39,5.0
Columbus,2024-11-01,51,65.2,44.3,2024-11-01T22:29,2024-11-01T12:01,53.9,0.008,0.0,21563.58,12.8,71590.664,993.2,73,53,6.0
Columbus,2024-11-02,3,60.3,33.7,2024-11-02T22:27,2024-11-02T12:03,45.4,0.0,0.0,34127.21,4.1,77400.477,1000.0,74,24,0.0
Columbus,2024-11-03,0,69.3,38.6,2024-11-03T22:26,2024-11-03T12:04,50.5,0.0,0.0,33981.2,8.3,103086.719,997.6,60,1,0.0
Columbus,2024-11-04,3,74.4,59.5,2024-11-04T22:25,2024-11-04T12:05,64.8,0.0,0.0,17258.43,12.7,114159.562,992.9,54,69,1.0
Columbus,2024-11-05,3,79.0,61.2,2024-11-05T22:24,2024-11-05T12:06,69.7,0.0,0.0,33502.87,16.8,106805.008,989.4,57,17,0.0
Columbus,2024-11-06,61,72.1,62.8,2024-11-06T22:23,2024-11-06T12:07,68.0,0.138,0.0,0.0,12.8,68391.852,988.2,77,73,21.0
Columbus,2024-11-07,3,65.5,49.0,2024-11-07T22:22,2024-11-07T12:08,57.6,0.0,0.0,31351.81,7.6,62923.777,994.4,80,36,0.0
Columbus,2024-11-08,3,65.6,37.3,2024-11-08T22:21,2024-11-08T12:09,49.5,0.0,0.0,33281.38,9.8,85383.867,994.9,72,12,0.0
Columbus,2024-11-09,3,60.2,38.2,2024-11-09T22:20,2024-11-09T12:11,49.1,0.0,0.0,32416.2,9.7,110796.688,996.6,59,19,0.0
Columbus,2024-11-10,65,59.5,51.7,2024-11-10T22:19,2024-11-10T12:12,54.4,0.933,0.0,0.0,11.0,88897.094,989.3,71,91,45.0
Columbus,2024-11-11,45,62.4,44.8,2024-11-11T22:18,2024-11-11T12:13,54.7,0.0,0.0,30904.94,12.7,68364.5,984.5,77,29,2.0
Columbus,2024-11-12,3,55.5,38.5,2024-11-12T22:17,2024-11-12T12:14,46.5,0.0,0.0,27018.33,11.5,83538.383,993.2,70,42,0.0
Columbus,2024-11-13,3,58.0,34.5,2024-11-13T22:17,2024-11-13T12:15,43.9,0.0,0.0,29396.22,9.0,99300.086,996.5,63,48,0.0
Columbus,2024-11-14,61,53.4,43.5,2024-11-14T22:16,2024-11-14T12:16,48.9,0.398,0.0,0.0,12.8,75814.734,985.8,78,100,47.0
Columbus,2024-11-15,3,52.3,49.9,2024-11-15T22:15,2024-11-15T12:17,51.5,0.0,0.0,10822.82,9.6,50196.848,988.3,89,100,4.0
Columbus,2024-11-16,3,50.9,48.0,2024-11-16T22:14,2024-11-16T12:19,49.3,0.0,0.0,4224.52,4.9,59232.832,992.6,83,98,0.0
Columbus,2024-11-17,3,59.2,38.3,2024-11-17T22:13,2024-11-17T12:20,47.0,0.0,0.0,29010.19,7.7,64359.141,990.0,80,68,0.0
Columbus,2024-11-18,3,65.0,49.2,2024-11-18T22:13,2024-11-18T12:21,55.5,0.0,0.0,21998.66,5.2,58836.395,987.9,82,79,1.0
Columbus,2024-11-19,51,61.7,55.5,2024-11-19T22:12,2024-11-19T12:22,57.7,0.035,0.0,146.55,9.7,47585.848,982.3,89,92,13.0
Columbus,2024-11-20,61,59.2,40.8,2024-11-20T22:11,2024-11-20T12:23,52.9,0.059,0.0,1301.85,19.4,22391.732,980.5,94,88,8.0
Columbus,2024-11-21,73,40.9,31.3,2024-11-21T22:11,2024-11-21T12:24,36.1,0.028,0.138,0.0,13.5,58084.531,980.5,82,70,10.0
Columbus,2024-11-22,51,43.7,31.0,2024-11-22T22:10,2024-11-22T12:25,35.4,0.043,0.0,3212.92,12.5,45548.996,981.0,91,92,5.0
Columbus,2024-11-23,3,46.1,42.3,2024-11-23T22:10,2024-11-23T12:26,43.9,0.0,0.0,7341.42,12.4,52356.738,985.4,85,94,3.0
Columbus,2024-11-24,3,49.0,38.9,2024-11-24T22:09,2024-11-24T12:28,42.7,0.0,0.0,12932.51,9.8,58248.574,989.2,83,82,0.0
Columbus,2024-11-25,51,58.0,37.5,2024-11-25T22:09,2024-11-25T12:29,46.2,0.008,0.0,0.0,6.8,61584.109,985.9,80,58,3.0
Columbus,2024-11-26,63,58.0,39.4,2024-11-26T22:08,2024-11-26T12:30,46.9,0.358,0.0,25366.39,15.6,68542.211,989.1,78,71,19.0
Columbus,2024-11-27,61,44.7,34.9,2024-11-27T22:08,2024-11-27T12:31,38.6,0.075,0.0,13229.26,8.6,66806.094,989.5,77,89,7.0
Columbus,2024-11-28,61,40.2,35.3,2024-11-28T22:08,2024-11-28T12:32,38.5,0.445,0.0,616.46,9.9,44168.309,982.3,89,93,46.0
Columbus,2024-11-29,3,38.3,28.8,2024-11-29T22:07,2024-11-29T12:33,31.9,0.0,0.0,5196.71,15.0,78726.492,990.7,72,100,1.0
Columbus,2024-11-30,51,31.0,18.9,2024-11-30T22:07,2024-11-30T12:34,23.9,0.008,0.0,30763.56,15.0,97235.898,994.0,63,35,0.0
Columbus,2024-12-01,3,30.4,20.2,2024-12-01T22:07,2024-12-01T12:35,26.9,0.0,0.0,25109.36,9.6,104057.312,993.6,60,46,0.0
Columbus,2024-12-02,3,31.2,23.2,2024-12-02T22:07,2024-12-02T12:36,27.5,0.0,0.0,28414.3,10.2,92724.75,998.5,65,55,0.0
Columbus,2024-12-03,3,32.9,21.0,2024-12-03T22:06,2024-12-03T12:37,27.0,0.0,0.0,22272.19,9.7,75650.703,1002.9,73,39,0.0
Columbus,2024-12-04,45,41.3,21.4,2024-12-04T22:06,2024-12-04T12:38,28.4,0.0,0.0,15531.84,13.7,65712.5,990.9,76,61,1.0
Columbus,2024-12-05,53,43.6,20.3,2024-12-05T22:06,2024-12-05T12:38,28.4,0.039,0.0,28485.11,24.3,86409.117,986.7,66,63,6.0
Columbus,2024-12-06,3,33.5,16.3,2024-12-06T22:06,2024-12-06T12:39,23.5,0.0,0.0,28172.45,11.2,81118.766,998.6,69,31,0.0
Columbus,2024-12-07,2,40.9,21.2,2024-12-07T22:06,2024-12-07T12:40,29.4,0.0,0.0,30325.26,12.7,110003.844,994.2,58,10,0.0
Columbus,2024-12-08,3,55.9,35.5,2024-12-08T22:06,2024-12-08T12:41,43.4,0.0,0.0,30209.58,12.5,126845.469,985.2,51,20,0.0
Columbus,2024-12-09,63,54.2,47.7,2024-12-09T22:06,2024-12-09T12:42,51.4,0.315,0.0,0.0,12.0,58248.582,982.3,81,96,26.0
Columbus,2024-12-10,61,51.0,44.3,2024-12-10T22:06,2024-12-10T12:43,47.1,0.138,0.0,0.0,6.2,40627.734,983.9,94,95,16.0
Columbus,2024-12-11,73,48.1,30.7,2024-12-11T22:06,2024-12-11T12:44,35.5,0.012,0.22,5740.16,12.1,53846.777,984.0,86,95,6.0
Columbus,2024-12-12,73,31.3,16.9,2024-12-12T22:07,2024-12-12T12:44,24.0,0.008,0.138,30052.1,19.3,107133.102,995.3,59,36,2.0
Columbus,2024-12-13,71,31.5,20.9,2024-12-13T22:07,2024-12-13T12:45,24.6,0.004,0.083,29985.1,6.8,66190.945,1006.2,74,60,1.0
Columbus,2024-12-14,3,46.0,23.2,2024-12-14T22:07,2024-12-14T12:46,30.8,0.0,0.0,27853.73,7.0,92300.961,1008.9,65,24,0.0
Columbus,2024-12-15,61,45.7,39.0,2024-12-15T22:07,2024-12-15T12:47,41.2,0.307,0.0,0.0,11.6,49609.031,1000.7,85,96,48.0
Columbus,2024-12-16,61,56.0,46.3,2024-12-16T22:08,2024-12-16T12:47,49.7,0.15,0.0,0.0,12.4,35405.73,993.1,94,100,25.0
Columbus,2024-12-17,3,57.1,37.3,2024-12-17T22:08,2024-12-17T12:48,47.3,0.0,0.0,29884.64,13.2,80653.984,993.0,72,27,3.0
Columbus,2024-12-18,73,42.3,31.9,2024-12-18T22:08,2024-12-18T12:48,37.0,0.154,0.11,0.0,7.9,49868.762,993.8,88,74,19.0
Columbus,2024-12-19,3,38.3,33.1,2024-12-19T22:09,2024-12-19T12:49,35.6,0.0,0.0,0.0,9.7,63525.266,997.2,80,100,0.0
Columbus,2024-12-20,53,38.1,34.2,2024-12-20T22:09,2024-12-20T12:49,36.2,0.055,0.0,0.0,9.5,51181.105,989.0,88,98,7.0
Columbus,2024-12-21,73,35.5,24.3,2024-12-21T22:10,2024-12-21T12:50,29.3,0.012,0.11,24647.46,12.1,77304.789,998.4,74,78,1.0
Columbus,2024-12-22,2,30.3,18.6,2024-12-22T22:10,2024-12-22T12:50,25.7,0.0,0.0,29864.64,6.5,100571.414,1002.8,62,32,0.0
Columbus,2024-12-23,3,43.9,24.1,2024-12-23T22:11,2024-12-23T12:51,30.7,0.0,0.0,29873.94,10.6,100216.0,999.4,62,20,0.0
Columbus,2024-12-24,51,43.6,39.1,2024-12-24T22:11,2024-12-24T12:51,41.4,0.008,0.0,0.0,8.7,68446.523,996.3,78,98,8.0
Columbus,2024-12-25,3,46.3,37.8,2024-12-25T22:12,2024-12-25T12:52,40.7,0.0,0.0,0.0,4.6,47107.391,997.9,89,100,3.0
Columbus,2024-12-26,51,50.1,40.3,2024-12-26T22:13,2024-12-26T12:52,43.5,0.016,0.0,26336.31,5.8,57059.27,997.6,84,76,12.0
Columbus,2024-12-27,53,50.3,38.9,2024-12-27T22:13,2024-12-27T12:52,43.3,0.024,0.0,16576.54,9.3,64427.496,992.4,79,47,9.0
Columbus,2024-12-28,53,61.1,47.4,2024-12-28T22:14,2024-12-28T12:53,54.3,0.02,0.0,29512.7,11.2,56444.125,988.9,84,72,4.0
Columbus,2024-12-29,61,59.6,49.1,2024-12-29T22:15,2024-12-29T12:53,54.5,0.295,0.0,3266.89,23.4,49841.422,978.8,87,88,48.0
Columbus,2024-12-30,53,49.4,41.4,2024-12-30T22:16,2024-12-30T12:53,44.4,0.031,0.0,30057.49,24.1,67257.219,979.3,78,65,5.0
Columbus,2024-12-31,61,51.0,37.1,2024-12-31T22:16,2024-12-31T12:53,43.2,0.24,0.0,588.19,15.0,56635.5,975.3,83,81,28.0
Lebrija,2024-01-01,53.2,62.4,47.8,4.6,3,2024-01-01T07:37,2024-01-01T17:17,26666.84,0.0,0.0,65,,89,1017.7,
Lebrija,2024-01-02,53.3,67.4,44.8,6.5,3,2024-01-02T07:37,2024-01-02T17:18,31391.36,0.0,0.0,47,,85,1018.8,
Lebrija,2024-01-03,53.6,65.6,44.5,5.2,3,2024-01-03T07:37,2024-01-03T17:19,31437.12,0.0,0.0,51,,87,1017.5,
Lebrija,2024-01-04,58.1,65.8,53.2,10.5,63,2024-01-04T07:37,2024-01-04T17:20,24423.89,0.413,0.0,87,,87,1012.6,
Lebrija,2024-01-05,51.1,57.0,43.5,13.8,51,2024-01-05T07:37,2024-01-05T17:21,29770.8,0.012,0.0,32,,78,1011.9,
Lebrija,2024-01-06,47.4,54.5,40.1,7.7,3,2024-01-06T07:37,2024-01-06T17:21,30158.17,0.0,0.0,56,,79,1017.7,
Lebrija,2024-01-07,44.3,57.2,37.3,8.3,3,2024-01-07T07:37,2024-01-07T17:22,31653.24,0.0,0.0,44,,82,1018.2,
Lebrija,2024-01-08,45.7,56.5,35.4,6.6,53,2024-01-08T07:37,2024-01-08T17:23,31484.25,0.035,0.0,76,,78,1016.6,
Lebrija,2024-01-09,51.8,58.1,46.8,5.4,61,2024-01-09T07:37,2024-01-09T17:24,0.0,0.205,0.0,92,,89,1014.1,
Lebrija,2024-01-10,50.4,59.3,44.4,5.1,3,2024-01-10T07:37,2024-01-10T17:25,25569.14,0.0,0.0,60,,90,1016.8,
Lebrija,2024-01-11,48.9,58.6,43.9,5.5,3,2024-01-11T07:37,2024-01-11T17:26,23812.15,0.0,0.0,76,,91,1016.2,
Lebrija,2024-01-12,50.5,65.0,39.4,10.8,3,2024-01-12T07:37,2024-01-12T17:27,31991.12,0.0,0.0,38,,83,1016.6,
Lebrija,2024-01-13,52.7,62.8,45.4,5.2,3,2024-01-13T07:36,2024-01-13T17:28,1543.65,0.0,0.0,100,,81,1017.8,
Lebrija,2024-01-14,57.8,70.4,45.6,10.8,3,2024-01-14T07:36,2024-01-14T17:29,32084.68,0.0,0.0,73,,67,1016.4,
Lebrija,2024-01-15,59.5,67.7,54.3,9.9,3,2024-01-15T07:36,2024-01-15T17:30,20582.56,0.0,0.0,89,,88,1014.2,
Lebrija,2024-01-16,59.3,69.5,54.2,18.8,63,2024-01-16T07:36,2024-01-16T17:31,14540.54,0.307,0.0,80,,76,1010.7,
Lebrija,2024-01-17,62.1,66.6,58.6,21.7,63,2024-01-17T07:35,2024-01-17T17:32,32153.33,0.358,0.0,65,,79,1006.3,
Lebrija,2024-01-18,60.9,67.0,57.2,15.5,53,2024-01-18T07:35,2024-01-18T17:33,17996.49,0.11,0.0,89,,88,1008.5,
Lebrija,2024-01-19,58.3,61.9,53.7,21.3,63,2024-01-19T07:34,2024-01-19T17:34,19911.78,0.917,0.0,72,,83,1004.5,
Lebrija,2024-01-20,50.3,58.3,44.0,6.9,3,2024-01-20T07:34,2024-01-20T17:35,32283.58,0.0,0.0,10,,77,1019.7,
Lebrija,2024-01-21,50.8,63.0,42.6,6.4,3,2024-01-21T07:34,2024-01-21T17:36,32316.61,0.0,0.0,16,,84,1027.8,
Lebrija,2024-01-22,50.2,62.7,40.5,8.6,1,2024-01-22T07:33,2024-01-22T17:37,32463.12,0.0,0.0,6,,83,1031.0,
Lebrija,2024-01-23,55.2,69.7,47.5,8.7,3,2024-01-23T07:32,2024-01-23T17:38,32507.67,0.0,0.0,12,,79,1030.0,
Lebrija,2024-01-24,55.3,70.2,42.8,6.2,2,2024-01-24T07:32,2024-01-24T17:39,32619.23,0.0,0.0,16,,79,1029.5,
Lebrija,2024-01-25,57.0,72.6,44.1,7.9,3,2024-01-25T07:31,2024-01-25T17:40,32717.14,0.0,0.0,24,,76,1026.0,
Lebrija,2024-01-26,58.4,70.7,46.0,5.2,3,2024-01-26T07:31,2024-01-26T17:41,32400.0,0.0,0.0,91,,80,1024.1,
Lebrija,2024-01-27,56.5,70.3,44.8,5.9,3,2024-01-27T07:30,2024-01-27T17:43,32821.44,0.0,0.0,59,,79,1022.2,
Lebrija,2024-01-28,53.9,66.0,46.5,6.0,3,2024-01-28T07:29,2024-01-28T17:44,25200.0,0.0,0.0,89,,88,1021.5,
Lebrija,2024-01-29,54.6,68.0,46.4,6.9,3,2024-01-29T07:29,2024-01-29T17:45,22595.02,0.0,0.0,80,,87,1022.4,
Lebrija,2024-01-30,54.1,66.1,44.6,8.0,3,2024-01-30T07:28,2024-01-30T17:46,30554.13,0.0,0.0,32,,84,1024.6,
Lebrija,2024-01-31,53.4,67.1,42.9,6.0,3,2024-01-31T07:27,2024-01-31T17:47,33156.02,0.0,0.0,13,,83,1026.3,
Lebrija,2024-02-01,52.5,65.3,42.7,6.0,3,2024-02-01T07:26,2024-02-01T17:48,32852.22,0.0,0.0,25,,85,1027.4,
Lebrija,2024-02-02,53.0,65.3,45.5,6.7,3,2024-02-02T07:26,2024-02-02T17:49,24966.91,0.0,0.0,38,,83,1025.2,
Lebrija,2024-02-03,52.8,67.0,41.9,7.5,3,2024-02-03T07:25,2024-02-03T17:50,33213.61,0.0,0.0,15,,79,1024.9,
Lebrija,2024-02-04,51.7,66.0,40.9,6.6,3,2024-02-04T07:24,2024-02-04T17:51,32393.45,0.0,0.0,73,,82,1025.5,
Lebrija,2024-02-05,52.4,63.0,45.9,6.1,3,2024-02-05T07:23,2024-02-05T17:52,24619.12,0.0,0.0,97,,88,1024.7,
Lebrija,2024-02-06,55.2,66.2,46.9,8.6,3,2024-02-06T07:22,2024-02-06T17:53,27322.37,0.0,0.0,49,,87,1023.7,
Lebrija,2024-02-07,57.1,65.3,50.6,7.1,51,2024-02-07T07:21,2024-02-07T17:54,17677.6,0.02,0.0,81,,89,1021.7,
Lebrija,2024-02-08,55.7,64.4,47.5,25.6,63,2024-02-08T07:20,2024-02-08T17:55,3325.94,0.567,0.0,100,,85,1010.5,
Lebrija,2024-02-09,59.5,63.2,55.7,22.9,65,2024-02-09T07:19,2024-02-09T17:57,8086.79,1.752,0.0,80,,88,994.5,
Lebrija,2024-02-10,56.1,62.2,49.3,15.4,51,2024-02-10T07:18,2024-02-10T17:58,34065.43,0.031,0.0,21,,76,1002.7,
Lebrija,2024-02-11,56.5,64.2,46.7,17.3,65,2024-02-11T07:17,2024-02-11T17:59,3620.87,0.681,0.0,91,,88,1009.2,
Lebrija,2024-02-12,63.6,68.6,60.0,16.7,61,2024-02-12T07:16,2024-02-12T18:00,25278.5,0.181,0.0,81,,91,1013.9,
Lebrija,2024-02-13,63.2,69.8,59.0,7.9,51,2024-02-13T07:15,2024-02-13T18:01,16108.29,0.008,0.0,100,,89,1018.4,
Lebrija,2024-02-14,63.8,75.8,53.0,8.4,3,2024-02-14T07:14,2024-02-14T18:02,32056.84,0.0,0.0,98,,72,1014.5,
Lebrija,2024-02-15,60.7,67.6,55.6,20.5,63,2024-02-15T07:13,2024-02-15T18:03,15457.23,0.189,0.0,79,,73,1013.2,
Lebrija,2024-02-16,56.6,65.9,49.1,7.4,3,2024-02-16T07:11,2024-02-16T18:04,29805.49,0.0,0.0,75,,80,1020.9,
Lebrija,2024-02-17,56.2,68.1,47.2,10.7,1,2024-02-17T07:10,2024-02-17T18:05,35655.34,0.0,0.0,9,,73,1024.7,
Lebrija,2024-02-18,56.0,68.3,44.7,6.4,2,2024-02-18T07:09,2024-02-18T18:06,35844.91,0.0,0.0,10,,76,1028.4,
Lebrija,2024-02-19,57.1,71.8,45.3,7.8,3,2024-02-19T07:08,2024-02-19T18:07,36038.86,0.0,0.0,11,,78,1025.2,
Lebrija,2024-02-20,58.9,72.3,48.2,7.5,3,2024-02-20T07:07,2024-02-20T18:08,36122.4,0.0,0.0,21,,77,1023.4,
Lebrija,2024-02-21,57.9,72.5,46.5,6.5,3,2024-02-21T07:05,2024-02-21T18:09,35028.5,0.0,0.0,48,,81,1021.7,
Lebrija,2024-02-22,58.6,65.8,50.3,14.4,51,2024-02-22T07:04,2024-02-22T18:10,35436.36,0.031,0.0,92,,83,1016.7,
Lebrija,2024-02-23,54.7,61.1,47.0,13.4,51,2024-02-23T07:03,2024-02-23T18:11,35323.8,0.012,0.0,67,,70,1014.7,
Lebrija,2024-02-24,53.8,61.2,48.5,13.1,51,2024-02-24T07:02,2024-02-24T18:12,36144.9,0.004,0.0,51,,70,1016.3,
Lebrija,2024-02-25,57.1,64.4,47.3,20.1,51,2024-02-25T07:00,2024-02-25T18:13,25350.54,0.028,0.0,89,,81,1016.3,
Lebrija,2024-02-26,57.2,61.1,49.9,17.4,55,2024-02-26T06:59,2024-02-26T18:14,34138.98,0.102,0.0,40,,67,1009.5,
Lebrija,2024-02-27,51.7,62.1,44.9,9.9,2,2024-02-27T06:58,2024-02-27T18:15,37565.62,0.0,0.0,8,,57,1015.5,
Lebrija,2024-02-28,50.6,63.2,38.5,9.2,2,2024-02-28T06:56,2024-02-28T18:16,37710.21,0.0,0.0,3,,66,1018.6,
Lebrija,2024-02-29,54.2,68.3,42.5,13.6,1,2024-02-29T06:55,2024-02-29T18:17,37855.32,0.0,0.0,6,,71,1017.1,
Lebrija,2024-03-01,51.4,62.3,40.1,7.7,0,2024-03-01T06:54,2024-03-01T18:18,38000.85,0.0,0.0,3,,65,1017.0,
Lebrija,2024-03-02,53.8,62.9,42.6,20.2,51,2024-03-02T06:52,2024-03-02T18:19,27687.79,0.051,0.0,51,,76,1010.6,
Lebrija,2024-03-03,52.7,59.5,43.4,11.9,3,2024-03-03T06:51,2024-03-03T18:20,29587.7,0.0,0.0,34,,73,1013.6,
Lebrija,2024-03-04,56.5,66.1,48.5,12.0,51,2024-03-04T06:50,2024-03-04T18:21,33233.29,0.012,0.0,68,,83,1017.3,
Lebrija,2024-03-05,53.6,64.8,43.9,8.9,3,2024-03-05T06:48,2024-03-05T18:22,38584.86,0.0,0.0,34,,72,1019.4,
Lebrija,2024-03-06,53.8,68.7,42.8,7.6,3,2024-03-06T06:47,2024-03-06T18:23,35235.22,0.0,0.0,44,,73,1015.1,
Lebrija,2024-03-07,53.9,59.5,48.2,17.7,63,2024-03-07T06:45,2024-03-07T18:24,17070.72,0.469,0.0,71,,81,1007.5,
Lebrija,2024-03-08,54.1,60.5,47.5,19.9,63,2024-03-08T06:44,2024-03-08T18:25,31810.25,0.421,0.0,71,,76,1006.7,
Lebrija,2024-03-09,54.7,57.2,52.5,20.0,61,2024-03-09T06:42,2024-03-09T18:26,6693.42,0.461,0.0,79,,81,998.6,
Lebrija,2024-03-10,56.2,62.2,51.3,14.8,51,2024-03-10T06:41,2024-03-10T18:27,39185.02,0.02,0.0,31,,73,1005.9,
Lebrija,2024-03-11,53.8,64.4,45.5,8.6,3,2024-03-11T06:40,2024-03-11T18:27,34358.71,0.0,0.0,23,,78,1016.9,
Lebrija,2024-03-12,56.7,69.7,45.7,8.5,3,2024-03-12T06:38,2024-03-12T18:28,39358.71,0.0,0.0,48,,69,1015.5,
Lebrija,2024-03-13,56.4,70.1,45.5,9.2,3,2024-03-13T06:37,2024-03-13T18:29,34842.17,0.0,0.0,73,,67,1011.7,
Lebrija,2024-03-14,58.6,68.5,49.8,6.7,51,2024-03-14T06:35,2024-03-14T18:30,38816.88,0.028,0.0,39,,84,1015.3,
Lebrija,2024-03-15,60.5,70.1,54.6,5.3,51,2024-03-15T06:34,2024-03-15T18:31,23796.18,0.008,0.0,90,,87,1018.4,
Lebrija,2024-03-16,63.7,78.8,50.9,7.6,3,2024-03-16T06:32,2024-03-16T18:32,35336.93,0.0,0.0,65,,77,1018.5,
Lebrija,2024-03-17,64.1,80.8,50.6,7.6,3,2024-03-17T06:31,2024-03-17T18:33,37434.06,0.0,0.0,100,,72,1015.3,
Lebrija,2024-03-18,65.1,80.0,54.0,6.5,3,2024-03-18T06:29,2024-03-18T18:34,28704.11,0.0,0.0,100,,70,1012.5,
Lebrija,2024-03-19,65.0,79.9,55.4,8.3,3,2024-03-19T06:28,2024-03-19T18:35,39600.0,0.0,0.0,58,,74,1010.4,
Lebrija,2024-03-20,60.1,68.7,51.8,10.6,51,2024-03-20T06:26,2024-03-20T18:36,24400.63,0.016,0.0,57,,83,1010.0,
Lebrija,2024-03-21,62.0,77.8,50.9,12.8,61,2024-03-21T06:25,2024-03-21T18:37,26003.17,0.169,0.0,96,,76,1009.3,
Lebrija,2024-03-22,68.2,82.8,55.3,18.8,51,2024-03-22T06:23,2024-03-22T18:37,30909.7,0.012,0.0,98,,62,1006.8,
Lebrija,2024-03-23,66.5,78.8,57.9,6.7,51,2024-03-23T06:22,2024-03-23T18:38,26557.35,0.008,0.0,100,,65,1006.4,
Lebrija,2024-03-24,66.1,80.8,56.9,17.6,63,2024-03-24T06:20,2024-03-24T18:39,33352.71,0.465,0.0,95,,66,1002.0,
Lebrija,2024-03-25,59.8,62.9,55.2,17.9,53,2024-03-25T06:19,2024-03-25T18:40,7431.92,0.157,0.0,97,,82,997.7,
Lebrija,2024-03-26,53.9,59.7,48.5,19.8,61,2024-03-26T06:17,2024-03-26T18:41,38195.34,0.272,0.0,59,,68,998.5,
Lebrija,2024-03-27,58.7,64.8,53.4,24.2,63,2024-03-27T06:16,2024-03-27T18:42,36000.0,0.366,0.0,74,,75,1003.5,
Lebrija,2024-03-28,60.9,65.0,58.3,24.4,63,2024-03-28T06:14,2024-03-28T18:43,25002.09,0.484,0.0,95,,84,1001.3,
Lebrija,2024-03-29,56.1,59.4,50.7,19.4,63,2024-03-29T06:13,2024-03-29T18:44,16611.77,0.665,0.0,92,,81,996.2,
Lebrija,2024-03-30,54.6,61.3,49.8,18.9,61,2024-03-30T06:11,2024-03-30T18:44,22940.5,0.516,0.0,89,,82,993.7,
Lebrija,2024-03-31,54.5,58.2,50.5,17.1,63,2024-03-31T06:10,2024-03-31T18:45,7436.44,1.189,0.0,79,,82,998.2,
Lebrija,2024-04-01,56.1,64.6,48.9,10.9,51,2024-04-01T06:09,2024-04-01T18:46,40170.53,0.012,0.0,39,,75,1012.4,
Lebrija,2024-04-02,56.5,69.4,43.9,11.0,3,2024-04-02T06:07,2024-04-02T18:47,40033.69,0.0,0.0,58,,80,1015.0,
Lebrija,2024-04-03,60.1,69.3,51.9,5.5,53,2024-04-03T06:06,2024-04-03T18:48,20191.95,0.047,0.0,76,,86,1016.5,
Lebrija,2024-04-04,63.5,77.1,52.8,7.0,3,2024-04-04T06:04,2024-04-04T18:49,39600.0,0.0,0.0,73,,82,1013.6,
Lebrija,2024-04-05,66.8,81.5,50.9,16.3,3,2024-04-05T06:03,2024-04-05T18:50,39970.21,0.0,0.0,85,,67,1008.9,
Lebrija,2024-04-06,69.6,78.6,61.4,13.8,3,2024-04-06T06:01,2024-04-06T18:51,19327.75,0.0,0.0,100,,57,1006.0,
Lebrija,2024-04-07,65.8,76.1,57.8,9.9,53,2024-04-07T06:00,2024-04-07T18:51,40171.96,0.051,0.0,67,,77,1009.9,
Lebrija,2024-04-08,59.5,65.9,50.2,14.2,51,2024-04-08T05:59,2024-04-08T18:52,34991.02,0.039,0.0,45,,80,1013.6,
Lebrija,2024-04-09,58.9,70.9,48.2,13.8,2,2024-04-09T05:57,2024-04-09T18:53,42943.32,0.0,0.0,9,,56,1020.9,
Lebrija,2024-04-10,62.1,76.6,48.5,8.0,3,2024-04-10T05:56,2024-04-10T18:54,43156.52,0.0,0.0,22,,56,1021.9,
Lebrija,2024-04-11,67.3,81.2,57.2,11.3,3,2024-04-11T05:54,2024-04-11T18:55,43251.14,0.0,0.0,29,,52,1020.3,
Lebrija,2024-04-12,63.5,77.5,50.5,7.6,0,2024-04-12T05:53,2024-04-12T18:56,43591.35,0.0,0.0,0,,62,1023.4,
Lebrija,2024-04-13,65.5,81.0,51.3,9.3,0,2024-04-13T05:51,2024-04-13T18:57,43687.19,0.0,0.0,0,,60,1020.5,
Lebrija,2024-04-14,66.4,80.7,51.5,7.6,3,2024-04-14T05:50,2024-04-14T18:58,43908.87,0.0,0.0,14,,55,1018.0,
Lebrija,2024-04-15,68.6,83.4,55.0,8.7,3,2024-04-15T05:49,2024-04-15T18:59,44003.54,0.0,0.0,6,,62,1015.0,
Lebrija,2024-04-16,71.7,88.7,56.9,10.6,0,2024-04-16T05:47,2024-04-16T18:59,44455.51,0.0,0.0,0,,60,1011.1,
Lebrija,2024-04-17,67.8,82.0,56.7,10.3,3,2024-04-17T05:46,2024-04-17T19:00,43922.08,0.0,0.0,48,,67,1008.3,
Lebrija,2024-04-18,64.9,75.2,56.8,9.9,3,2024-04-18T05:45,2024-04-18T19:01,39821.47,0.0,0.0,65,,74,1010.2,
Lebrija,2024-04-19,66.3,75.6,57.3,16.5,51,2024-04-19T05:43,2024-04-19T19:02,39116.04,0.016,0.0,82,,62,1010.9,
Lebrija,2024-04-20,63.2,73.4,55.3,10.9,3,2024-04-20T05:42,2024-04-20T19:03,26822.04,0.0,0.0,90,,61,1009.6,
Lebrija,2024-04-21,64.2,75.2,53.6,10.3,3,2024-04-21T05:41,2024-04-21T19:04,43221.52,0.0,0.0,39,,62,1010.0,
Lebrija,2024-04-22,65.4,78.0,53.5,10.6,1,2024-04-22T05:39,2024-04-22T19:05,45209.26,0.0,0.0,11,,68,1009.4,
Lebrija,2024-04-23,66.2,77.9,54.8,9.4,0,2024-04-23T05:38,2024-04-23T19:06,45330.64,0.0,0.0,0,,45,1010.4,
Lebrija,2024-04-24,66.1,78.5,52.3,8.5,3,2024-04-24T05:37,2024-04-24T19:06,42975.54,0.0,0.0,47,,35,1011.7,
Lebrija,2024-04-25,65.8,76.2,55.2,13.3,3,2024-04-25T05:36,2024-04-25T19:07,44633.78,0.0,0.0,34,,54,1006.1,
Lebrija,2024-04-26,60.9,69.0,51.9,13.9,51,2024-04-26T05:35,2024-04-26T19:08,34485.24,0.031,0.0,58,,61,1004.6,
Lebrija,2024-04-27,61.1,67.0,56.3,17.2,61,2024-04-27T05:33,2024-04-27T19:09,34934.16,0.201,0.0,52,,67,1002.1,
Lebrija,2024-04-28,59.5,68.5,49.1,11.9,1,2024-04-28T05:32,2024-04-28T19:10,45877.62,0.0,0.0,14,,58,1008.0,
Lebrija,2024-04-29,59.8,70.4,48.4,11.8,3,2024-04-29T05:31,2024-04-29T19:11,45798.34,0.0,0.0,24,,55,1011.9,
Lebrija,2024-04-30,59.0,65.4,49.8,15.4,51,2024-04-30T05:30,2024-04-30T19:12,22757.05,0.028,0.0,59,,67,1014.5,
Lebrija,2024-05-01,60.7,67.8,55.2,14.4,53,2024-05-01T05:29,2024-05-01T19:13,37391.4,0.134,0.0,61,,63,1012.4,
Lebrija,2024-05-02,57.4,67.9,45.9,12.4,3,2024-05-02T05:28,2024-05-02T19:14,40154.98,0.0,0.0,61,,60,1015.4,
Lebrija,2024-05-03,62.6,75.5,48.4,7.7,3,2024-05-03T05:27,2024-05-03T19:15,46128.29,0.0,0.0,10,,56,1015.5,
Lebrija,2024-05-04,65.9,80.0,55.6,9.7,2,2024-05-04T05:26,2024-05-04T19:15,46177.92,0.0,0.0,9,,53,1013.8,
Lebrija,2024-05-05,65.0,75.5,54.2,12.6,3,2024-05-05T05:24,2024-05-05T19:16,46227.3,0.0,0.0,61,,76,1012.4,
Lebrija,2024-05-06,67.5,79.5,60.0,11.7,3,2024-05-06T05:23,2024-05-06T19:17,45301.98,0.0,0.0,42,,65,1010.5,
Lebrija,2024-05-07,70.7,85.2,54.1,9.1,3,2024-05-07T05:22,2024-05-07T19:18,46325.14,0.0,0.0,46,,52,1012.1,
Lebrija,2024-05-08,71.6,86.0,57.8,7.8,3,2024-05-08T05:21,2024-05-08T19:19,46373.54,0.0,0.0,55,,53,1011.6,
Lebrija,2024-05-09,71.3,84.2,57.5,12.5,3,2024-05-09T05:20,2024-05-09T19:20,46421.54,0.0,0.0,80,,38,1010.6,
Lebrija,2024-05-10,72.3,86.8,58.0,12.8,3,2024-05-10T05:20,2024-05-10T19:21,46253.6,0.0,0.0,89,,37,1009.3,
Lebrija,2024-05-11,71.8,86.8,58.6,11.7,3,2024-05-11T05:19,2024-05-11T19:21,46516.17,0.0,0.0,11,,38,1010.2,
Lebrija,2024-05-12,70.1,81.5,59.4,10.1,3,2024-05-12T05:18,2024-05-12T19:22,46562.91,0.0,0.0,42,,57,1010.9,
Lebrija,2024-05-13,69.9,83.0,60.8,13.0,3,2024-05-13T05:17,2024-05-13T19:23,46609.7,0.0,0.0,59,,65,1008.6,
Lebrija,2024-05-14,67.3,76.5,59.0,14.6,2,2024-05-14T05:16,2024-05-14T19:24,46656.49,0.0,0.0,12,,52,1007.3,
Lebrija,2024-05-15,64.3,75.0,54.3,17.4,1,2024-05-15T05:15,2024-05-15T19:25,46703.2,0.0,0.0,4,,49,1007.7,
Lebrija,2024-05-16,63.2,72.5,52.2,11.9,3,2024-05-16T05:15,2024-05-16T19:26,42506.62,0.0,0.0,31,,60,1008.5,
Lebrija,2024-05-17,65.0,73.9,56.9,12.4,3,2024-05-17T05:14,2024-05-17T19:26,40121.96,0.0,0.0,28,,66,1007.5,
Lebrija,2024-05-18,65.5,76.2,54.8,13.0,0,2024-05-18T05:13,2024-05-18T19:27,46800.0,0.0,0.0,0,,56,1007.9,
Lebrija,2024-05-19,64.2,74.7,55.1,14.5,3,2024-05-19T05:12,2024-05-19T19:28,46800.0,0.0,0.0,43,,60,1007.7,
Lebrija,2024-05-20,63.8,72.6,55.8,13.7,2,2024-05-20T05:12,2024-05-20T19:29,46864.57,0.0,0.0,10,,60,1010.4,
Lebrija,2024-05-21,64.0,73.1,54.2,12.5,51,2024-05-21T05:11,2024-05-21T19:30,45573.06,0.004,0.0,19,,62,1013.8,
Lebrija,2024-05-22,68.5,82.5,54.6,12.0,3,2024-05-22T05:10,2024-05-22T19:31,46956.31,0.0,0.0,37,,49,1013.3,
Lebrija,2024-05-23,72.6,86.2,60.5,11.0,3,2024-05-23T05:10,2024-05-23T19:31,42269.59,0.0,0.0,97,,39,1009.8,
Lebrija,2024-05-24,71.4,87.7,59.0,13.3,0,2024-05-24T05:09,2024-05-24T19:32,46951.54,0.0,0.0,0,,48,1010.2,
Lebrija,2024-05-25,73.5,88.7,60.4,10.3,3,2024-05-25T05:09,2024-05-25T19:33,46949.09,0.0,0.0,17,,54,1011.8,
Lebrija,2024-05-26,75.2,90.0,60.8,10.2,3,2024-05-26T05:08,2024-05-26T19:34,47053.21,0.0,0.0,7,,50,1011.5,
Lebrija,2024-05-27,74.5,87.7,62.9,9.7,3,2024-05-27T05:08,2024-05-27T19:34,47052.17,0.0,0.0,16,,43,1011.5,
Lebrija,2024-05-28,73.8,91.7,59.3,11.2,0,2024-05-28T05:07,2024-05-28T19:35,47160.39,0.0,0.0,2,,59,1011.9,
Lebrija,2024-05-29,77.4,94.5,64.0,10.7,0,2024-05-29T05:07,2024-05-29T19:36,47049.98,0.0,0.0,0,,59,1010.2,
Lebrija,2024-05-30,79.6,96.7,65.6,12.5,0,2024-05-30T05:06,2024-05-30T19:36,47160.52,0.0,0.0,0,,51,1005.7,
Lebrija,2024-05-31,80.8,95.5,66.2,11.0,0,2024-05-31T05:06,2024-05-31T19:37,47160.47,0.0,0.0,0,,46,1003.5,
Lebrija,2024-06-01,77.6,90.5,64.9,9.9,1,2024-06-01T05:06,2024-06-01T19:38,47160.38,0.0,0.0,5,,49,1006.7,
Lebrija,2024-06-02,77.2,88.6,66.1,8.7,0,2024-06-02T05:05,2024-06-02T19:38,47160.27,0.0,0.0,1,,49,1009.2,
Lebrija,2024-06-03,77.6,89.6,66.4,9.0,2,2024-06-03T05:05,2024-06-03T19:39,47275.4,0.0,0.0,6,,42,1009.3,
Lebrija,2024-06-04,74.4,86.9,64.0,11.1,3,2024-06-04T05:05,2024-06-04T19:39,44632.74,0.0,0.0,46,,55,1009.8,
Lebrija,2024-06-05,77.4,95.4,64.2,11.6,3,2024-06-05T05:04,2024-06-05T19:40,47043.57,0.0,0.0,45,,56,1009.3,
Lebrija,2024-06-06,80.5,97.8,69.8,12.5,3,2024-06-06T05:04,2024-06-06T19:41,46800.0,0.0,0.0,70,,46,1006.9,
Lebrija,2024-06-07,71.7,77.2,66.8,14.1,51,2024-06-07T05:04,2024-06-07T19:41,27191.9,0.008,0.0,94,,68,1008.9,
Lebrija,2024-06-08,69.5,77.5,63.5,14.7,51,2024-06-08T05:04,2024-06-08T19:42,43324.73,0.016,0.0,37,,66,1009.7,
Lebrija,2024-06-09,68.1,73.7,63.1,12.8,51,2024-06-09T05:04,2024-06-09T19:42,22556.93,0.047,0.0,60,,74,1008.8,
Lebrija,2024-06-10,69.9,79.3,62.4,12.9,51,2024-06-10T05:04,2024-06-10T19:43,47160.44,0.016,0.0,11,,71,1008.7,
Lebrija,2024-06-11,70.7,81.3,62.6,12.0,3,2024-06-11T05:04,2024-06-11T19:43,47160.67,0.0,0.0,44,,68,1010.5,
Lebrija,2024-06-12,72.2,83.3,62.3,10.9,2,2024-06-12T05:04,2024-06-12T19:44,47160.96,0.0,0.0,17,,67,1012.4,
Lebrija,2024-06-13,74.7,89.8,59.6,12.5,1,2024-06-13T05:04,2024-06-13T19:44,47397.79,0.0,0.0,2,,60,1013.4,
Lebrija,2024-06-14,77.5,91.1,65.6,12.5,51,2024-06-14T05:04,2024-06-14T19:45,46925.32,0.004,0.0,34,,51,1010.7,
Lebrija,2024-06-15,75.1,86.7,64.6,13.5,3,2024-06-15T05:04,2024-06-15T19:45,47400.97,0.0,0.0,8,,53,1010.2,
Lebrija,2024-06-16,72.3,83.5,60.3,10.1,0,2024-06-16T05:04,2024-06-16T19:45,47516.09,0.0,0.0,0,,56,1009.5,
Lebrija,2024-06-17,74.2,88.2,61.8,12.9,1,2024-06-17T05:04,2024-06-17T19:46,47397.86,0.0,0.0,1,,59,1007.9,
Lebrija,2024-06-18,70.0,79.0,63.3,15.2,51,2024-06-18T05:04,2024-06-18T19:46,37478.56,0.02,0.0,41,,72,1010.1,
Lebrija,2024-06-19,66.5,73.6,59.9,15.2,55,2024-06-19T05:04,2024-06-19T19:46,46701.77,0.118,0.0,37,,69,1012.0,
Lebrija,2024-06-20,67.4,76.7,57.8,12.1,3,2024-06-20T05:04,2024-06-20T19:46,47280.51,0.0,0.0,20,,64,1014.6,
Lebrija,2024-06-21,74.7,89.1,58.9,10.3,0,2024-06-21T05:05,2024-06-21T19:47,47246.08,0.0,0.0,1,,54,1014.8,
Lebrija,2024-06-22,80.0,96.8,62.4,10.7,0,2024-06-22T05:05,2024-06-22T19:47,47475.79,0.0,0.0,0,,41,1013.0,
Lebrija,2024-06-23,82.8,100.6,65.3,12.1,3,2024-06-23T05:05,2024-06-23T19:47,44250.69,0.0,0.0,42,,39,1008.0,
Lebrija,2024-06-24,82.3,98.0,69.4,13.5,3,2024-06-24T05:05,2024-06-24T19:47,47244.8,0.0,0.0,16,,40,1005.6,
Lebrija,2024-06-25,79.2,94.1,68.2,13.6,2,2024-06-25T05:06,2024-06-25T19:47,47357.25,0.0,0.0,4,,52,1005.1,
Lebrija,2024-06-26,73.0,81.5,67.0,12.4,3,2024-06-26T05:06,2024-06-26T19:47,37051.72,0.0,0.0,73,,66,1005.4,
Lebrija,2024-06-27,71.9,81.5,64.4,10.7,3,2024-06-27T05:07,2024-06-27T19:47,46877.27,0.0,0.0,44,,62,1007.9,
Lebrija,2024-06-28,70.0,77.2,63.9,13.9,61,2024-06-28T05:07,2024-06-28T19:47,46800.0,0.146,0.0,41,,69,1011.3,
Lebrija,2024-06-29,70.9,76.1,65.4,10.7,51,2024-06-29T05:07,2024-06-29T19:47,21528.35,0.004,0.0,62,,71,1012.6,
Lebrija,2024-06-30,72.3,84.3,61.1,14.6,3,2024-06-30T05:08,2024-06-30T19:47,47059.5,0.0,0.0,23,,67,1011.1,
Lebrija,2024-07-01,74.6,86.8,64.0,12.0,0,2024-07-01T05:08,2024-07-01T19:47,47137.46,0.0,0.0,2,,60,1013.3,
Lebrija,2024-07-02,79.4,98.2,63.8,12.1,0,2024-07-02T05:09,2024-07-02T19:47,47138.59,0.0,0.0,0,,51,1011.2,
Lebrija,2024-07-03,84.2,102.2,68.9,12.6,0,2024-07-03T05:09,2024-07-03T19:47,47139.74,0.0,0.0,0,,44,1007.7,
Lebrija,2024-07-04,87.1,104.6,74.0,14.5,0,2024-07-04T05:10,2024-07-04T19:47,47140.84,0.0,0.0,0,,38,1005.8,
Lebrija,2024-07-05,79.6,93.4,70.1,13.8,3,2024-07-05T05:10,2024-07-05T19:47,46963.3,0.0,0.0,7,,54,1006.8,
Lebrija,2024-07-06,74.5,82.3,68.9,13.6,51,2024-07-06T05:11,2024-07-06T19:46,36052.11,0.012,0.0,45,,65,1008.4,
Lebrija,2024-07-07,71.5,80.9,63.0,11.5,0,2024-07-07T05:11,2024-07-07T19:46,46951.73,0.0,0.0,0,,55,1009.1,
Lebrija,2024-07-08,73.3,88.8,60.7,10.4,1,2024-07-08T05:12,2024-07-08T19:46,46956.17,0.0,0.0,2,,58,1010.0,
Lebrija,2024-07-09,74.8,88.2,61.7,10.6,3,2024-07-09T05:13,2024-07-09T19:45,46877.2,0.0,0.0,8,,53,1011.3,
Lebrija,2024-07-10,81.1,98.4,66.2,11.5,0,2024-07-10T05:13,2024-07-10T19:45,46800.0,0.0,0.0,0,,58,1012.1,
Lebrija,2024-07-11,84.5,98.3,71.3,10.8,0,2024-07-11T05:14,2024-07-11T19:45,46800.23,0.0,0.0,0,,55,1011.4,
Lebrija,2024-07-12,82.9,94.3,72.0,10.0,0,2024-07-12T05:14,2024-07-12T19:44,46803.05,0.0,0.0,0,,47,1009.3,
Lebrija,2024-07-13,76.8,88.5,67.0,11.0,1,2024-07-13T05:15,2024-07-13T19:44,46809.98,0.0,0.0,4,,61,1007.2,
Lebrija,2024-07-14,75.6,89.8,64.0,10.2,0,2024-07-14T05:16,2024-07-14T19:43,46817.54,0.0,0.0,0,,57,1009.3,
Lebrija,2024-07-15,76.6,89.3,65.4,12.7,0,2024-07-15T05:16,2024-07-15T19:43,46800.0,0.0,0.0,0,,62,1011.1,
Lebrija,2024-07-16,79.3,94.0,67.1,10.7,0,2024-07-16T05:17,2024-07-16T19:42,46800.0,0.0,0.0,0,,52,1010.6,
Lebrija,2024-07-17,80.5,96.6,64.4,9.6,0,2024-07-17T05:18,2024-07-17T19:42,46800.0,0.0,0.0,0,,52,1010.2,
Lebrija,2024-07-18,81.2,93.0,70.9,13.3,63,2024-07-18T05:19,2024-07-18T19:41,37491.38,0.244,0.0,25,,56,1011.6,
Lebrija,2024-07-19,85.9,103.1,72.5,10.3,0,2024-07-19T05:19,2024-07-19T19:41,46800.0,0.0,0.0,0,,47,1011.7,
Lebrija,2024-07-20,83.1,97.7,70.2,13.3,0,2024-07-20T05:20,2024-07-20T19:40,46800.0,0.0,0.0,0,,50,1008.1,
Lebrija,2024-07-21,79.4,88.9,70.9,11.7,0,2024-07-21T05:21,2024-07-21T19:39,46800.0,0.0,0.0,0,,54,1008.7,
Lebrija,2024-07-22,81.1,99.5,65.9,10.7,0,2024-07-22T05:22,2024-07-22T19:39,46800.0,0.0,0.0,0,,59,1010.5,
Lebrija,2024-07-23,87.1,104.2,72.4,7.9,0,2024-07-23T05:22,2024-07-23T19:38,46800.0,0.0,0.0,0,,48,1012.3,
Lebrija,2024-07-24,87.5,107.0,72.3,11.8,1,2024-07-24T05:23,2024-07-24T19:37,46800.0,0.0,0.0,3,,40,1010.8,
Lebrija,2024-07-25,82.9,96.6,72.2,13.0,0,2024-07-25T05:24,2024-07-25T19:36,46800.0,0.0,0.0,0,,49,1006.3,
Lebrija,2024-07-26,78.5,90.7,67.5,9.5,0,2024-07-26T05:25,2024-07-26T19:36,46800.0,0.0,0.0,1,,62,1005.6,
Lebrija,2024-07-27,77.8,91.3,65.6,9.6,0,2024-07-27T05:26,2024-07-27T19:35,46800.0,0.0,0.0,1,,66,1007.2,
Lebrija,2024-07-28,84.7,100.5,72.4,10.3,3,2024-07-28T05:26,2024-07-28T19:34,46800.0,0.0,0.0,46,,55,1007.6,
Lebrija,2024-07-29,84.9,101.1,75.7,13.4,3,2024-07-29T05:27,2024-07-29T19:33,45344.79,0.0,0.0,41,,58,1007.5,
Lebrija,2024-07-30,81.1,93.5,73.0,10.5,3,2024-07-30T05:28,2024-07-30T19:32,42577.91,0.0,0.0,30,,69,1009.2,
Lebrija,2024-07-31,82.5,96.8,69.6,8.7,0,2024-07-31T05:29,2024-07-31T19:31,46800.0,0.0,0.0,0,,56,1009.4,
Lebrija,2024-08-01,81.8,95.7,70.2,10.6,0,2024-08-01T05:30,2024-08-01T19:30,46800.0,0.0,0.0,0,,56,1008.9,
Lebrija,2024-08-02,80.5,92.1,70.2,11.8,0,2024-08-02T05:30,2024-08-02T19:30,46800.0,0.0,0.0,0,,53,1008.4,
Lebrija,2024-08-03,81.6,97.1,69.5,11.0,0,2024-08-03T05:31,2024-08-03T19:29,46800.0,0.0,0.0,0,,49,1007.7,
Lebrija,2024-08-04,82.0,97.7,69.3,11.4,0,2024-08-04T05:32,2024-08-04T19:27,46800.0,0.0,0.0,0,,55,1008.3,
Lebrija,2024-08-05,82.0,95.8,70.7,11.2,0,2024-08-05T05:33,2024-08-05T19:26,46800.0,0.0,0.0,0,,57,1007.2,
Lebrija,2024-08-06,79.9,92.6,69.0,9.6,3,2024-08-06T05:34,2024-08-06T19:25,45513.99,0.0,0.0,13,,66,1006.1,
Lebrija,2024-08-07,81.1,98.6,68.0,10.9,1,2024-08-07T05:34,2024-08-07T19:24,46605.68,0.0,0.0,4,,63,1005.7,
Lebrija,2024-08-08,80.1,91.5,70.7,9.1,1,2024-08-08T05:35,2024-08-08T19:23,46495.85,0.0,0.0,2,,63,1009.1,
Lebrija,2024-08-09,80.9,95.9,68.6,10.4,1,2024-08-09T05:36,2024-08-09T19:22,46384.64,0.0,0.0,4,,65,1010.9,
Lebrija,2024-08-10,85.7,102.9,72.4,9.0,0,2024-08-10T05:37,2024-08-10T19:21,46272.15,0.0,0.0,0,,56,1009.2,
Lebrija,2024-08-11,82.3,98.9,72.5,13.8,0,2024-08-11T05:38,2024-08-11T19:20,46158.49,0.0,0.0,0,,66,1007.8,
Lebrija,2024-08-12,79.6,95.0,71.2,9.8,3,2024-08-12T05:39,2024-08-12T19:19,46043.73,0.0,0.0,28,,64,1008.6,
Lebrija,2024-08-13,79.5,91.4,69.7,13.4,3,2024-08-13T05:39,2024-08-13T19:17,45927.98,0.0,0.0,19,,56,1007.9,
Lebrija,2024-08-14,78.9,88.7,70.1,10.3,3,2024-08-14T05:40,2024-08-14T19:16,45811.35,0.0,0.0,20,,52,1008.4,
Lebrija,2024-08-15,82.9,100.9,67.5,8.3,1,2024-08-15T05:41,2024-08-15T19:15,45693.91,0.0,0.0,1,,55,1008.7,
Lebrija,2024-08-16,85.1,102.9,70.8,9.4,0,2024-08-16T05:42,2024-08-16T19:14,45575.76,0.0,0.0,0,,51,1009.5,
Lebrija,2024-08-17,87.0,104.2,71.5,9.5,3,2024-08-17T05:43,2024-08-17T19:12,45456.98,0.0,0.0,9,,45,1009.3,
Lebrija,2024-08-18,88.4,104.9,73.3,11.5,2,2024-08-18T05:44,2024-08-18T19:11,45337.69,0.0,0.0,6,,44,1007.1,
Lebrija,2024-08-19,84.1,94.4,75.0,12.2,0,2024-08-19T05:44,2024-08-19T19:10,45217.95,0.0,0.0,0,,54,1007.0,
Lebrija,2024-08-20,80.7,92.8,70.1,8.1,0,2024-08-20T05:45,2024-08-20T19:09,45097.5,0.0,0.0,0,,63,1008.5,
Lebrija,2024-08-21,82.4,96.8,71.7,11.5,0,2024-08-21T05:46,2024-08-21T19:07,44975.61,0.0,0.0,0,,60,1009.7,
Lebrija,2024-08-22,79.7,90.5,72.0,9.9,3,2024-08-22T05:47,2024-08-22T19:06,39917.32,0.0,0.0,17,,70,1010.5,
Lebrija,2024-08-23,79.5,92.3,68.2,8.1,0,2024-08-23T05:48,2024-08-23T19:05,44727.59,0.0,0.0,2,,62,1008.7,
Lebrija,2024-08-24,83.8,96.2,73.3,10.5,0,2024-08-24T05:49,2024-08-24T19:03,44601.68,0.0,0.0,0,,49,1007.8,
Lebrija,2024-08-25,84.8,100.2,72.5,12.3,0,2024-08-25T05:49,2024-08-25T19:02,44428.83,0.0,0.0,0,,50,1009.0,
Lebrija,2024-08-26,82.6,96.8,72.5,15.5,2,2024-08-26T05:50,2024-08-26T19:01,43826.85,0.0,0.0,10,,66,1010.1,
Lebrija,2024-08-27,83.5,97.9,75.2,12.8,3,2024-08-27T05:51,2024-08-27T18:59,43762.74,0.0,0.0,43,,65,1009.3,
Lebrija,2024-08-28,80.2,90.1,73.6,11.5,3,2024-08-28T05:52,2024-08-28T18:58,43444.16,0.0,0.0,13,,72,1008.6,
Lebrija,2024-08-29,80.7,95.1,73.7,13.0,51,2024-08-29T05:53,2024-08-29T18:56,22943.82,0.016,0.0,65,,65,1008.8,
Lebrija,2024-08-30,84.4,95.4,74.3,11.3,51,2024-08-30T05:53,2024-08-30T18:55,41396.54,0.016,0.0,22,,58,1007.2,
Lebrija,2024-08-31,82.5,92.5,75.9,10.7,51,2024-08-31T05:54,2024-08-31T18:53,38450.86,0.004,0.0,53,,67,1007.7,
Lebrija,2024-09-01,80.4,90.4,73.5,10.5,3,2024-09-01T05:55,2024-09-01T18:52,37212.79,0.0,0.0,45,,67,1008.5,
Lebrija,2024-09-02,78.1,88.5,69.6,11.1,2,2024-09-02T05:56,2024-09-02T18:50,42565.46,0.0,0.0,3,,61,1008.0,
Lebrija,2024-09-03,74.7,84.5,67.7,11.8,0,2024-09-03T05:57,2024-09-03T18:49,42510.07,0.0,0.0,0,,60,1008.3,
Lebrija,2024-09-04,75.1,88.6,64.7,10.9,0,2024-09-04T05:57,2024-09-04T18:48,42251.4,0.0,0.0,0,,65,1008.9,
Lebrija,2024-09-05,76.9,90.9,64.6,11.5,0,2024-09-05T05:58,2024-09-05T18:46,42199.93,0.0,0.0,0,,60,1004.9,
Lebrija,2024-09-06,74.8,87.4,65.1,11.0,0,2024-09-06T05:59,2024-09-06T18:45,42054.66,0.0,0.0,0,,56,1002.7,
Lebrija,2024-09-07,70.8,86.3,61.0,14.0,61,2024-09-07T06:00,2024-09-07T18:43,27045.52,0.11,0.0,62,,50,1006.5,
Lebrija,2024-09-08,72.2,85.8,61.5,12.1,2,2024-09-08T06:01,2024-09-08T18:42,41495.98,0.0,0.0,6,,61,1009.8,
Lebrija,2024-09-09,71.1,83.2,62.1,10.8,0,2024-09-09T06:02,2024-09-09T18:40,41361.66,0.0,0.0,0,,67,1013.9,
Lebrija,2024-09-10,70.2,82.6,60.8,10.3,3,2024-09-10T06:02,2024-09-10T18:39,39777.12,0.0,0.0,16,,72,1013.0,
Lebrija,2024-09-11,71.1,82.4,63.4,11.1,3,2024-09-11T06:03,2024-09-11T18:37,40882.93,0.0,0.0,16,,72,1011.2,
Lebrija,2024-09-12,73.9,88.3,63.8,10.6,3,2024-09-12T06:04,2024-09-12T18:36,36000.0,0.0,0.0,44,,68,1010.8,
Lebrija,2024-09-13,79.5,93.8,65.9,9.9,3,2024-09-13T06:05,2024-09-13T18:34,40744.64,0.0,0.0,29,,53,1009.7,
Lebrija,2024-09-14,78.6,89.6,68.7,16.0,3,2024-09-14T06:06,2024-09-14T18:33,40618.2,0.0,0.0,28,,56,1012.6,
Lebrija,2024-09-15,78.7,92.7,66.4,8.1,3,2024-09-15T06:06,2024-09-15T18:31,40611.16,0.0,0.0,18,,50,1011.1,
Lebrija,2024-09-16,78.6,94.6,66.7,10.6,3,2024-09-16T06:07,2024-09-16T18:30,40603.45,0.0,0.0,23,,51,1008.4,
Lebrija,2024-09-17,75.8,86.7,66.9,12.2,3,2024-09-17T06:08,2024-09-17T18:28,38026.67,0.0,0.0,42,,61,1005.6,
Lebrija,2024-09-18,75.9,88.9,66.1,10.4,1,2024-09-18T06:09,2024-09-18T18:26,40255.37,0.0,0.0,11,,62,1006.2,
Lebrija,2024-09-19,72.6,82.4,65.7,14.8,63,2024-09-19T06:10,2024-09-19T18:25,37052.08,0.197,0.0,61,,72,1007.5,
Lebrija,2024-09-20,72.6,83.3,65.0,11.5,51,2024-09-20T06:10,2024-09-20T18:23,33407.7,0.016,0.0,69,,73,1008.0,
Lebrija,2024-09-21,71.3,78.5,65.7,10.4,53,2024-09-21T06:11,2024-09-21T18:22,39011.58,0.039,0.0,39,,73,1009.8,
Lebrija,2024-09-22,70.3,80.0,63.1,11.2,51,2024-09-22T06:12,2024-09-22T18:20,39659.05,0.008,0.0,27,,76,1012.0,
Lebrija,2024-09-23,70.3,81.0,63.8,10.6,3,2024-09-23T06:13,2024-09-23T18:19,36546.63,0.0,0.0,62,,70,1012.1,
Lebrija,2024-09-24,68.3,79.4,59.0,11.1,3,2024-09-24T06:14,2024-09-24T18:17,39142.01,0.0,0.0,67,,68,1012.2,
Lebrija,2024-09-25,72.2,79.1,66.7,9.6,51,2024-09-25T06:14,2024-09-25T18:16,23982.29,0.004,0.0,90,,78,1013.4,
Lebrija,2024-09-26,73.5,78.9,69.6,15.7,51,2024-09-26T06:15,2024-09-26T18:14,34360.89,0.039,0.0,84,,76,1013.2,
Lebrija,2024-09-27,70.7,80.0,61.5,11.9,3,2024-09-27T06:16,2024-09-27T18:13,39022.78,0.0,0.0,61,,64,1014.2,
Lebrija,2024-09-28,70.5,84.7,58.1,12.4,3,2024-09-28T06:17,2024-09-28T18:11,39021.77,0.0,0.0,48,,45,1014.6,
Lebrija,2024-09-29,72.8,86.6,60.3,7.0,0,2024-09-29T06:18,2024-09-29T18:10,38849.59,0.0,0.0,0,,56,1015.4,
Lebrija,2024-09-30,74.1,88.1,62.4,8.2,0,2024-09-30T06:19,2024-09-30T18:08,38682.29,0.0,0.0,0,,57,1014.0,
Lebrija,2024-10-01,72.8,86.1,61.1,6.9,3,2024-10-01T06:20,2024-10-01T18:07,38596.5,0.0,0.0,33,,62,1012.3,
Lebrija,2024-10-02,74.8,85.4,66.2,13.6,3,2024-10-02T06:20,2024-10-02T18:05,38320.28,0.0,0.0,72,,66,1010.5,
Lebrija,2024-10-03,74.8,83.1,68.9,12.9,3,2024-10-03T06:21,2024-10-03T18:04,36654.52,0.0,0.0,38,,69,1010.1,
Lebrija,2024-10-04,72.6,81.5,65.3,11.7,3,2024-10-04T06:22,2024-10-04T18:02,38243.39,0.0,0.0,40,,76,1010.7,
Lebrija,2024-10-05,73.5,85.6,66.6,12.9,3,2024-10-05T06:23,2024-10-05T18:01,38153.35,0.0,0.0,30,,77,1010.7,
Lebrija,2024-10-06,72.8,85.7,64.9,8.7,3,2024-10-06T06:24,2024-10-06T18:00,33553.63,0.0,0.0,60,,74,1008.8,
Lebrija,2024-10-07,69.8,79.1,65.2,18.3,61,2024-10-07T06:25,2024-10-07T17:58,28723.26,0.138,0.0,81,,81,1005.7,
Lebrija,2024-10-08,68.6,77.0,62.4,11.0,51,2024-10-08T06:26,2024-10-08T17:57,36000.0,0.004,0.0,81,,76,1010.6,
Lebrija,2024-10-09,68.7,74.9,64.6,22.8,61,2024-10-09T06:26,2024-10-09T17:55,12173.87,0.142,0.0,64,,83,1007.8,
Lebrija,2024-10-10,66.6,75.0,60.8,6.9,3,2024-10-10T06:27,2024-10-10T17:54,28783.28,0.0,0.0,52,,75,1010.5,
Lebrija,2024-10-11,68.4,75.7,61.3,15.1,55,2024-10-11T06:28,2024-10-11T17:52,21090.47,0.11,0.0,88,,80,1009.3,
Lebrija,2024-10-12,67.5,70.1,66.2,16.0,65,2024-10-12T06:29,2024-10-12T17:51,0.0,4.154,0.0,100,,92,1007.0,
Lebrija,2024-10-13,69.7,78.0,64.0,11.5,61,2024-10-13T06:30,2024-10-13T17:49,32235.38,0.11,0.0,66,,81,1010.3,
Lebrija,2024-10-14,67.4,74.5,62.7,6.9,63,2024-10-14T06:31,2024-10-14T17:48,29668.15,0.382,0.0,81,,90,1008.5,
Lebrija,2024-10-15,66.3,68.4,63.5,19.5,63,2024-10-15T06:32,2024-10-15T17:47,3600.0,1.024,0.0,91,,91,1004.6,
Lebrija,2024-10-16,68.8,74.0,63.7,17.7,65,2024-10-16T06:33,2024-10-16T17:45,36342.88,0.661,0.0,64,,86,1007.4,
Lebrija,2024-10-17,64.0,71.4,57.7,11.9,61,2024-10-17T06:34,2024-10-17T17:44,36070.36,0.059,0.0,20,,78,1017.5,
Lebrija,2024-10-18,61.8,70.7,54.1,8.4,51,2024-10-18T06:35,2024-10-18T17:43,31212.07,0.012,0.0,58,,83,1020.0,
Lebrija,2024-10-19,66.3,74.8,59.4,4.9,3,2024-10-19T06:36,2024-10-19T17:42,35257.72,0.0,0.0,88,,82,1017.9,
Lebrija,2024-10-20,66.5,77.9,59.2,7.0,3,2024-10-20T06:37,2024-10-20T17:40,36003.12,0.0,0.0,43,,79,1017.7,
Lebrija,2024-10-21,66.4,79.8,56.3,6.0,3,2024-10-21T06:37,2024-10-21T17:39,35777.83,0.0,0.0,57,,76,1017.5,
Lebrija,2024-10-22,67.2,78.7,59.3,5.9,3,2024-10-22T06:38,2024-10-22T17:38,35746.32,0.0,0.0,26,,75,1017.7,
Lebrija,2024-10-23,67.1,79.0,58.0,8.3,3,2024-10-23T06:39,2024-10-23T17:37,35655.61,0.0,0.0,17,,74,1016.9,
Lebrija,2024-10-24,68.4,79.0,58.9,8.8,3,2024-10-24T06:40,2024-10-24T17:35,35593.7,0.0,0.0,46,,74,1016.1,
Lebrija,2024-10-25,64.0,70.3,57.1,11.5,53,2024-10-25T06:41,2024-10-25T17:34,17691.05,0.047,0.0,64,,73,1014.5,
Lebrija,2024-10-26,57.1,64.5,48.8,14.3,63,2024-10-26T06:42,2024-10-26T17:33,17945.73,0.618,0.0,43,,77,1015.1,
Lebrija,2024-10-27,56.5,64.0,50.5,9.9,51,2024-10-27T06:43,2024-10-27T17:32,35405.12,0.012,0.0,46,,75,1011.9,
Lebrija,2024-10-28,57.1,68.8,47.8,14.1,63,2024-10-28T06:44,2024-10-28T17:31,27782.78,0.11,0.0,79,,68,1010.3,
Lebrija,2024-10-29,57.1,62.4,52.1,10.9,63,2024-10-29T06:45,2024-10-29T17:29,1019.16,0.654,0.0,88,,88,1006.3,
Lebrija,2024-10-30,58.1,63.0,52.2,18.1,63,2024-10-30T06:46,2024-10-30T17:28,101.55,1.445,0.0,91,,92,1007.2,
Lebrija,2024-10-31,62.6,67.2,59.3,16.1,63,2024-10-31T06:47,2024-10-31T17:27,15384.56,0.445,0.0,96,,90,1012.6,
Lebrija,2024-11-01,61.2,68.2,57.6,7.2,63,2024-11-01T06:48,2024-11-01T17:26,11054.94,0.307,0.0,94,,91,1013.5,
Lebrija,2024-11-02,62.1,73.0,54.5,4.8,63,2024-11-02T06:49,2024-11-02T17:25,34406.61,0.118,0.0,18,,87,1012.7,
Lebrija,2024-11-03,63.3,75.5,53.7,7.7,3,2024-11-03T06:50,2024-11-03T17:24,27753.61,0.0,0.0,60,,81,1012.0,
Lebrija,2024-11-04,63.5,75.3,55.8,7.2,51,2024-11-04T06:51,2024-11-04T17:23,34683.9,0.008,0.0,48,,83,1014.2,
Lebrija,2024-11-05,61.6,71.6,53.9,6.5,3,2024-11-05T06:52,2024-11-05T17:22,33065.73,0.0,0.0,23,,89,1017.9,
Lebrija,2024-11-06,63.1,74.6,54.3,6.2,0,2024-11-06T06:53,2024-11-06T17:21,34432.05,0.0,0.0,1,,83,1016.6,
Lebrija,2024-11-07,62.0,75.3,51.5,7.8,3,2024-11-07T06:54,2024-11-07T17:20,34309.2,0.0,0.0,51,,82,1015.1,
Lebrija,2024-11-08,63.8,72.3,56.2,11.3,3,2024-11-08T06:55,2024-11-08T17:19,17247.9,0.0,0.0,85,,83,1016.5,
Lebrija,2024-11-09,62.2,69.8,56.4,6.5,51,2024-11-09T06:56,2024-11-09T17:19,18568.92,0.008,0.0,64,,90,1020.3,
Lebrija,2024-11-10,61.4,72.6,54.8,9.0,3,2024-11-10T06:58,2024-11-10T17:18,33949.08,0.0,0.0,25,,78,1020.3,
Lebrija,2024-11-11,61.6,72.6,54.6,10.8,3,2024-11-11T06:59,2024-11-11T17:17,33830.73,0.0,0.0,27,,74,1017.5,
Lebrija,2024-11-12,60.0,72.6,50.0,6.4,3,2024-11-12T07:00,2024-11-12T17:16,33713.4,0.0,0.0,12,,78,1013.0,
Lebrija,2024-11-13,55.7,64.1,50.6,10.5,63,2024-11-13T07:01,2024-11-13T17:15,31310.8,0.445,0.0,52,,78,1005.6,
Lebrija,2024-11-14,58.3,67.4,52.7,12.5,63,2024-11-14T07:02,2024-11-14T17:15,6595.92,1.461,0.0,94,,87,1009.2,
Lebrija,2024-11-15,62.6,73.9,56.0,16.8,61,2024-11-15T07:03,2024-11-15T17:14,21786.58,0.059,0.0,86,,79,1009.8,
Lebrija,2024-11-16,65.7,76.4,57.3,16.8,61,2024-11-16T07:04,2024-11-16T17:13,25281.53,0.11,0.0,83,,70,1009.9,
Lebrija,2024-11-17,63.5,72.7,57.0,8.5,3,2024-11-17T07:05,2024-11-17T17:13,14730.83,0.0,0.0,79,,74,1012.0,
Lebrija,2024-11-18,60.9,72.0,53.4,5.6,3,2024-11-18T07:06,2024-11-18T17:12,28764.16,0.0,0.0,79,,86,1014.5,
Lebrija,2024-11-19,63.1,72.9,57.1,5.9,51,2024-11-19T07:07,2024-11-19T17:12,32614.63,0.031,0.0,44,,81,1015.8,
Lebrija,2024-11-20,59.1,67.7,52.6,7.2,1,2024-11-20T07:08,2024-11-20T17:11,32225.95,0.0,0.0,6,,81,1019.5,
Lebrija,2024-11-21,57.4,65.1,49.6,8.7,3,2024-11-21T07:09,2024-11-21T17:10,26979.47,0.0,0.0,44,,79,1018.0,
Lebrija,2024-11-22,59.7,68.3,53.3,7.8,51,2024-11-22T07:10,2024-11-22T17:10,31353.65,0.004,0.0,35,,82,1016.8,
Lebrija,2024-11-23,60.9,73.4,53.9,9.0,3,2024-11-23T07:11,2024-11-23T17:10,31979.44,0.0,0.0,20,,78,1016.3,
Lebrija,2024-11-24,63.9,72.5,53.6,17.6,3,2024-11-24T07:12,2024-11-24T17:09,8364.58,0.0,0.0,80,,60,1012.0,
Lebrija,2024-11-25,63.7,69.8,55.3,15.9,65,2024-11-25T07:13,2024-11-25T17:09,17861.12,1.114,0.0,63,,74,1014.9,
Lebrija,2024-11-26,56.5,66.4,50.6,6.3,3,2024-11-26T07:14,2024-11-26T17:08,21368.5,0.0,0.0,74,,83,1017.9,
Lebrija,2024-11-27,55.2,67.9,46.0,5.3,2,2024-11-27T07:15,2024-11-27T17:08,31638.53,0.0,0.0,13,,84,1018.3,
Lebrija,2024-11-28,59.3,74.5,48.1,5.7,3,2024-11-28T07:16,2024-11-28T17:08,31364.1,0.0,0.0,17,,82,1019.3,
Lebrija,2024-11-29,58.8,69.6,51.4,4.8,3,2024-11-29T07:17,2024-11-29T17:08,29443.32,0.0,0.0,68,,84,1021.4,
Lebrija,2024-11-30,61.4,75.2,53.6,7.5,3,2024-11-30T07:18,2024-11-30T17:07,31147.48,0.0,0.0,49,,77,1021.6,
Lebrija,2024-12-01,59.7,69.2,54.3,8.0,3,2024-12-01T07:19,2024-12-01T17:07,15043.65,0.0,0.0,82,,73,1018.7,
Lebrija,2024-12-02,57.7,68.9,50.4,3.9,3,2024-12-02T07:19,2024-12-02T17:07,18291.39,0.0,0.0,61,,82,1018.7,
Lebrija,2024-12-03,57.8,67.5,51.7,7.5,51,2024-12-03T07:20,2024-12-03T17:07,30547.75,0.016,0.0,44,,85,1019.2,
Lebrija,2024-12-04,55.5,66.2,47.7,8.2,51,2024-12-04T07:21,2024-12-04T17:07,30971.98,0.004,0.0,41,,82,1022.1,
Lebrija,2024-12-05,54.9,67.1,47.1,6.3,3,2024-12-05T07:22,2024-12-05T17:07,31148.8,0.0,0.0,48,,81,1025.2,
Lebrija,2024-12-06,56.4,69.8,48.5,7.6,3,2024-12-06T07:23,2024-12-06T17:07,31146.28,0.0,0.0,20,,79,1024.0,
Lebrija,2024-12-07,55.6,66.7,48.1,6.0,3,2024-12-07T07:24,2024-12-07T17:07,30059.86,0.0,0.0,85,,84,1022.1,
Lebrija,2024-12-08,51.6,61.3,44.2,12.4,3,2024-12-08T07:25,2024-12-08T17:07,31108.62,0.0,0.0,27,,66,1019.9,
Lebrija,2024-12-09,47.2,57.6,39.5,7.1,0,2024-12-09T07:26,2024-12-09T17:07,31114.56,0.0,0.0,0,,68,1017.1,
Lebrija,2024-12-10,45.1,58.4,36.5,7.8,0,2024-12-10T07:26,2024-12-10T17:07,31121.76,0.0,0.0,0,,72,1014.1,
Lebrija,2024-12-11,45.7,58.4,35.8,6.2,51,2024-12-11T07:27,2024-12-11T17:07,31122.68,0.004,0.0,23,,77,1011.7,
Lebrija,2024-12-12,48.3,55.0,42.0,7.5,61,2024-12-12T07:28,2024-12-12T17:08,5887.37,0.173,0.0,64,,87,1012.3,
Lebrija,2024-12-13,52.0,61.6,45.7,6.2,51,2024-12-13T07:29,2024-12-13T17:08,31145.03,0.004,0.0,15,,84,1017.6,
Lebrija,2024-12-14,49.8,61.9,40.5,9.1,3,2024-12-14T07:29,2024-12-14T17:08,30229.5,0.0,0.0,64,,79,1024.1,
Lebrija,2024-12-15,51.3,62.7,45.1,11.2,3,2024-12-15T07:30,2024-12-15T17:08,31175.05,0.0,0.0,78,,66,1027.4,
Lebrija,2024-12-16,51.7,65.5,41.7,6.5,3,2024-12-16T07:31,2024-12-16T17:09,31179.67,0.0,0.0,45,,76,1027.8,
Lebrija,2024-12-17,50.3,62.3,42.3,5.7,3,2024-12-17T07:31,2024-12-17T17:09,31162.88,0.0,0.0,77,,81,1027.9,
Lebrija,2024-12-18,53.3,65.7,45.2,5.0,3,2024-12-18T07:32,2024-12-18T17:09,29067.63,0.0,0.0,58,,79,1026.6,
Lebrija,2024-12-19,56.9,65.4,50.6,8.5,61,2024-12-19T07:32,2024-12-19T17:10,21620.66,0.106,0.0,83,,85,1023.6,
Lebrija,2024-12-20,51.1,60.1,44.6,10.5,3,2024-12-20T07:33,2024-12-20T17:10,29548.64,0.0,0.0,30,,84,1023.0,
Lebrija,2024-12-21,50.0,60.8,43.3,11.3,0,2024-12-21T07:33,2024-12-21T17:11,31137.66,0.0,0.0,1,,59,1024.1,
Lebrija,2024-12-22,49.1,62.5,41.5,8.0,0,2024-12-22T07:34,2024-12-22T17:11,31141.2,0.0,0.0,0,,71,1024.5,
Lebrija,2024-12-23,51.3,64.5,41.4,16.6,0,2024-12-23T07:34,2024-12-23T17:12,31148.59,0.0,0.0,0,,63,1020.0,
Lebrija,2024-12-24,51.0,62.6,43.5,12.2,1,2024-12-24T07:35,2024-12-24T17:12,31159.8,0.0,0.0,5,,64,1020.6,
Lebrija,2024-12-25,49.1,63.5,39.2,6.2,3,2024-12-25T07:35,2024-12-25T17:13,31174.77,0.0,0.0,6,,77,1020.4,
Lebrija,2024-12-26,52.5,67.9,42.7,6.5,0,2024-12-26T07:35,2024-12-26T17:14,31193.48,0.0,0.0,1,,75,1020.1,
Lebrija,2024-12-27,50.6,65.2,41.6,4.7,3,2024-12-27T07:36,2024-12-27T17:14,31215.87,0.0,0.0,11,,82,1021.4,
Lebrija,2024-12-28,50.7,63.6,42.2,6.5,2,2024-12-28T07:36,2024-12-28T17:15,31241.9,0.0,0.0,10,,78,1022.3,
Lebrija,2024-12-29,51.0,63.3,42.1,8.6,2,2024-12-29T07:36,2024-12-29T17:16,31271.52,0.0,0.0,22,,79,1021.8,
Lebrija,2024-12-30,51.1,63.3,42.3,8.5,1,2024-12-30T07:36,2024-12-30T17:16,31304.68,0.0,0.0,10,,76,1022.6,
Lebrija,2024-12-31,48.6,61.6,39.5,4.5,0,2024-12-31T07:37,2024-12-31T17:17,31341.34,0.0,0.0,3,,78,1022.8,
